date,topic,interest_score
2020-02-01 13:48:33.890452,Donation,41.8
2020-02-02 13:48:33.890452,Donation,39.1
2020-02-03 13:48:33.890452,Donation,38.6
2020-02-04 13:48:33.890452,Donation,42.6
2020-02-05 13:48:33.890452,Donation,39.4
2020-02-06 13:48:33.890452,Donation,38.8
2020-02-07 13:48:33.890452,Donation,38.7
2020-02-08 13:48:33.890452,Donation,43.3
2020-02-09 13:48:33.890452,Donation,41.8
2020-02-10 13:48:33.890452,Donation,40.9
2020-02-11 13:48:33.890452,Donation,36.9
2020-02-12 13:48:33.890452,Donation,41.9
2020-02-13 13:48:33.890452,Donation,39.2
2020-02-14 13:48:33.890452,Donation,43.9
2020-02-15 13:48:33.890452,Donation,44.3
2020-02-16 13:48:33.890452,Donation,40.8
2020-02-17 13:48:33.890452,Donation,38.0
2020-02-18 13:48:33.890452,Donation,40.3
2020-02-19 13:48:33.890452,Donation,37.6
2020-02-20 13:48:33.890452,Donation,44.4
2020-02-21 13:48:33.890452,Donation,41.9
2020-02-22 13:48:33.890452,Donation,39.8
2020-02-23 13:48:33.890452,Donation,39.5
2020-02-24 13:48:33.890452,Donation,40.8
2020-02-25 13:48:33.890452,Donation,43.5
2020-02-26 13:48:33.890452,Donation,40.8
2020-02-27 13:48:33.890452,Donation,45.0
2020-02-28 13:48:33.890452,Donation,42.8
2020-02-29 13:48:33.890452,Donation,43.8
2020-03-01 13:48:33.890452,Donation,41.7
2020-03-02 13:48:33.890452,Donation,46.5
2020-03-03 13:48:33.890452,Donation,44.4
2020-03-04 13:48:33.890452,Donation,42.1
2020-03-05 13:48:33.890452,Donation,43.6
2020-03-06 13:48:33.890452,Donation,39.4
2020-03-07 13:48:33.890452,Donation,42.2
2020-03-08 13:48:33.890452,Donation,42.6
2020-03-09 13:48:33.890452,Donation,45.2
2020-03-10 13:48:33.890452,Donation,47.6
2020-03-11 13:48:33.890452,Donation,45.0
2020-03-12 13:48:33.890452,Donation,41.3
2020-03-13 13:48:33.890452,Donation,45.5
2020-03-14 13:48:33.890452,Donation,43.4
2020-03-15 13:48:33.890452,Donation,43.9
2020-03-16 13:48:33.890452,Donation,40.8
2020-03-17 13:48:33.890452,Donation,44.3
2020-03-18 13:48:33.890452,Donation,42.7
2020-03-19 13:48:33.890452,Donation,42.7
2020-03-20 13:48:33.890452,Donation,49.9
2020-03-21 13:48:33.890452,Donation,41.1
2020-03-22 13:48:33.890452,Donation,50.1
2020-03-23 13:48:33.890452,Donation,44.1
2020-03-24 13:48:33.890452,Donation,45.5
2020-03-25 13:48:33.890452,Donation,46.1
2020-03-26 13:48:33.890452,Donation,45.9
2020-03-27 13:48:33.890452,Donation,40.7
2020-03-28 13:48:33.890452,Donation,41.9
2020-03-29 13:48:33.890452,Donation,45.4
2020-03-30 13:48:33.890452,Donation,45.2
2020-03-31 13:48:33.890452,Donation,47.6
2020-04-01 13:48:33.890452,Donation,39.7
2020-04-02 13:48:33.890452,Donation,45.4
2020-04-03 13:48:33.890452,Donation,43.8
2020-04-04 13:48:33.890452,Donation,45.8
2020-04-05 13:48:33.890452,Donation,46.3
2020-04-06 13:48:33.890452,Donation,46.9
2020-04-07 13:48:33.890452,Donation,48.0
2020-04-08 13:48:33.890452,Donation,47.2
2020-04-09 13:48:33.890452,Donation,45.3
2020-04-10 13:48:33.890452,Donation,48.2
2020-04-11 13:48:33.890452,Donation,47.8
2020-04-12 13:48:33.890452,Donation,45.7
2020-04-13 13:48:33.890452,Donation,49.5
2020-04-14 13:48:33.890452,Donation,51.5
2020-04-15 13:48:33.890452,Donation,46.0
2020-04-16 13:48:33.890452,Donation,47.1
2020-04-17 13:48:33.890452,Donation,48.5
2020-04-18 13:48:33.890452,Donation,46.3
2020-04-19 13:48:33.890452,Donation,46.5
2020-04-20 13:48:33.890452,Donation,48.5
2020-04-21 13:48:33.890452,Donation,50.2
2020-04-22 13:48:33.890452,Donation,43.7
2020-04-23 13:48:33.890452,Donation,47.3
2020-04-24 13:48:33.890452,Donation,48.1
2020-04-25 13:48:33.890452,Donation,47.0
2020-04-26 13:48:33.890452,Donation,50.5
2020-04-27 13:48:33.890452,Donation,48.2
2020-04-28 13:48:33.890452,Donation,46.1
2020-04-29 13:48:33.890452,Donation,49.5
2020-04-30 13:48:33.890452,Donation,44.6
2020-05-01 13:48:33.890452,Donation,46.6
2020-05-02 13:48:33.890452,Donation,45.2
2020-05-03 13:48:33.890452,Donation,43.9
2020-05-04 13:48:33.890452,Donation,48.7
2020-05-05 13:48:33.890452,Donation,48.5
2020-05-06 13:48:33.890452,Donation,49.6
2020-05-07 13:48:33.890452,Donation,48.9
2020-05-08 13:48:33.890452,Donation,44.3
2020-05-09 13:48:33.890452,Donation,48.3
2020-05-10 13:48:33.890452,Donation,50.7
2020-05-11 13:48:33.890452,Donation,50.6
2020-05-12 13:48:33.890452,Donation,51.9
2020-05-13 13:48:33.890452,Donation,45.4
2020-05-14 13:48:33.890452,Donation,50.6
2020-05-15 13:48:33.890452,Donation,47.7
2020-05-16 13:48:33.890452,Donation,49.3
2020-05-17 13:48:33.890452,Donation,49.6
2020-05-18 13:48:33.890452,Donation,48.8
2020-05-19 13:48:33.890452,Donation,49.6
2020-05-20 13:48:33.890452,Donation,51.9
2020-05-21 13:48:33.890452,Donation,48.6
2020-05-22 13:48:33.890452,Donation,49.8
2020-05-23 13:48:33.890452,Donation,48.0
2020-05-24 13:48:33.890452,Donation,51.0
2020-05-25 13:48:33.890452,Donation,50.3
2020-05-26 13:48:33.890452,Donation,50.7
2020-05-27 13:48:33.890452,Donation,51.9
2020-05-28 13:48:33.890452,Donation,51.9
2020-05-29 13:48:33.890452,Donation,50.7
2020-05-30 13:48:33.890452,Donation,49.1
2020-05-31 13:48:33.890452,Donation,52.0
2020-06-01 13:48:33.890452,Donation,49.3
2020-06-02 13:48:33.890452,Donation,47.4
2020-06-03 13:48:33.890452,Donation,50.9
2020-06-04 13:48:33.890452,Donation,48.9
2020-06-05 13:48:33.890452,Donation,52.8
2020-06-06 13:48:33.890452,Donation,51.4
2020-06-07 13:48:33.890452,Donation,55.1
2020-06-08 13:48:33.890452,Donation,54.4
2020-06-09 13:48:33.890452,Donation,51.0
2020-06-10 13:48:33.890452,Donation,52.0
2020-06-11 13:48:33.890452,Donation,54.3
2020-06-12 13:48:33.890452,Donation,50.7
2020-06-13 13:48:33.890452,Donation,49.3
2020-06-14 13:48:33.890452,Donation,49.8
2020-06-15 13:48:33.890452,Donation,49.8
2020-06-16 13:48:33.890452,Donation,50.3
2020-06-17 13:48:33.890452,Donation,48.7
2020-06-18 13:48:33.890452,Donation,54.2
2020-06-19 13:48:33.890452,Donation,51.7
2020-06-20 13:48:33.890452,Donation,50.1
2020-06-21 13:48:33.890452,Donation,50.2
2020-06-22 13:48:33.890452,Donation,52.9
2020-06-23 13:48:33.890452,Donation,49.8
2020-06-24 13:48:33.890452,Donation,56.5
2020-06-25 13:48:33.890452,Donation,51.0
2020-06-26 13:48:33.890452,Donation,52.3
2020-06-27 13:48:33.890452,Donation,49.0
2020-06-28 13:48:33.890452,Donation,50.7
2020-06-29 13:48:33.890452,Donation,53.6
2020-06-30 13:48:33.890452,Donation,54.1
2020-07-01 13:48:33.890452,Donation,54.8
2020-07-02 13:48:33.890452,Donation,50.7
2020-07-03 13:48:33.890452,Donation,52.9
2020-07-04 13:48:33.890452,Donation,53.1
2020-07-05 13:48:33.890452,Donation,54.0
2020-07-06 13:48:33.890452,Donation,53.2
2020-07-07 13:48:33.890452,Donation,55.6
2020-07-08 13:48:33.890452,Donation,53.4
2020-07-09 13:48:33.890452,Donation,53.4
2020-07-10 13:48:33.890452,Donation,51.4
2020-07-11 13:48:33.890452,Donation,58.6
2020-07-12 13:48:33.890452,Donation,51.6
2020-07-13 13:48:33.890452,Donation,53.6
2020-07-14 13:48:33.890452,Donation,55.4
2020-07-15 13:48:33.890452,Donation,56.4
2020-07-16 13:48:33.890452,Donation,54.0
2020-07-17 13:48:33.890452,Donation,53.3
2020-07-18 13:48:33.890452,Donation,53.5
2020-07-19 13:48:33.890452,Donation,56.5
2020-07-20 13:48:33.890452,Donation,56.6
2020-07-21 13:48:33.890452,Donation,54.5
2020-07-22 13:48:33.890452,Donation,54.5
2020-07-23 13:48:33.890452,Donation,51.4
2020-07-24 13:48:33.890452,Donation,55.8
2020-07-25 13:48:33.890452,Donation,53.8
2020-07-26 13:48:33.890452,Donation,52.4
2020-07-27 13:48:33.890452,Donation,48.8
2020-07-28 13:48:33.890452,Donation,53.1
2020-07-29 13:48:33.890452,Donation,55.0
2020-07-30 13:48:33.890452,Donation,54.8
2020-07-31 13:48:33.890452,Donation,54.3
2020-08-01 13:48:33.890452,Donation,53.1
2020-08-02 13:48:33.890452,Donation,54.0
2020-08-03 13:48:33.890452,Donation,54.9
2020-08-04 13:48:33.890452,Donation,56.2
2020-08-05 13:48:33.890452,Donation,56.6
2020-08-06 13:48:33.890452,Donation,54.6
2020-08-07 13:48:33.890452,Donation,55.9
2020-08-08 13:48:33.890452,Donation,55.1
2020-08-09 13:48:33.890452,Donation,53.6
2020-08-10 13:48:33.890452,Donation,52.2
2020-08-11 13:48:33.890452,Donation,57.5
2020-08-12 13:48:33.890452,Donation,55.7
2020-08-13 13:48:33.890452,Donation,52.7
2020-08-14 13:48:33.890452,Donation,57.9
2020-08-15 13:48:33.890452,Donation,56.4
2020-08-16 13:48:33.890452,Donation,60.8
2020-08-17 13:48:33.890452,Donation,57.5
2020-08-18 13:48:33.890452,Donation,55.2
2020-08-19 13:48:33.890452,Donation,53.6
2020-08-20 13:48:33.890452,Donation,53.0
2020-08-21 13:48:33.890452,Donation,56.4
2020-08-22 13:48:33.890452,Donation,56.4
2020-08-23 13:48:33.890452,Donation,55.3
2020-08-24 13:48:33.890452,Donation,56.4
2020-08-25 13:48:33.890452,Donation,54.6
2020-08-26 13:48:33.890452,Donation,54.7
2020-08-27 13:48:33.890452,Donation,56.7
2020-08-28 13:48:33.890452,Donation,54.3
2020-08-29 13:48:33.890452,Donation,56.5
2020-08-30 13:48:33.890452,Donation,55.0
2020-08-31 13:48:33.890452,Donation,53.8
2020-09-01 13:48:33.890452,Donation,55.7
2020-09-02 13:48:33.890452,Donation,55.9
2020-09-03 13:48:33.890452,Donation,57.3
2020-09-04 13:48:33.890452,Donation,56.7
2020-09-05 13:48:33.890452,Donation,58.2
2020-09-06 13:48:33.890452,Donation,58.1
2020-09-07 13:48:33.890452,Donation,54.2
2020-09-08 13:48:33.890452,Donation,57.5
2020-09-09 13:48:33.890452,Donation,56.1
2020-09-10 13:48:33.890452,Donation,58.2
2020-09-11 13:48:33.890452,Donation,55.0
2020-09-12 13:48:33.890452,Donation,54.7
2020-09-13 13:48:33.890452,Donation,53.9
2020-09-14 13:48:33.890452,Donation,57.8
2020-09-15 13:48:33.890452,Donation,55.5
2020-09-16 13:48:33.890452,Donation,55.5
2020-09-17 13:48:33.890452,Donation,58.9
2020-09-18 13:48:33.890452,Donation,57.0
2020-09-19 13:48:33.890452,Donation,57.4
2020-09-20 13:48:33.890452,Donation,52.4
2020-09-21 13:48:33.890452,Donation,58.0
2020-09-22 13:48:33.890452,Donation,57.9
2020-09-23 13:48:33.890452,Donation,58.8
2020-09-24 13:48:33.890452,Donation,59.2
2020-09-25 13:48:33.890452,Donation,57.7
2020-09-26 13:48:33.890452,Donation,53.4
2020-09-27 13:48:33.890452,Donation,56.2
2020-09-28 13:48:33.890452,Donation,57.7
2020-09-29 13:48:33.890452,Donation,56.9
2020-09-30 13:48:33.890452,Donation,56.6
2020-10-01 13:48:33.890452,Donation,58.8
2020-10-02 13:48:33.890452,Donation,55.5
2020-10-03 13:48:33.890452,Donation,56.4
2020-10-04 13:48:33.890452,Donation,56.8
2020-10-05 13:48:33.890452,Donation,61.5
2020-10-06 13:48:33.890452,Donation,53.0
2020-10-07 13:48:33.890452,Donation,59.8
2020-10-08 13:48:33.890452,Donation,54.8
2020-10-09 13:48:33.890452,Donation,57.0
2020-10-10 13:48:33.890452,Donation,58.2
2020-10-11 13:48:33.890452,Donation,57.9
2020-10-12 13:48:33.890452,Donation,56.9
2020-10-13 13:48:33.890452,Donation,59.2
2020-10-14 13:48:33.890452,Donation,56.9
2020-10-15 13:48:33.890452,Donation,56.5
2020-10-16 13:48:33.890452,Donation,57.7
2020-10-17 13:48:33.890452,Donation,56.7
2020-10-18 13:48:33.890452,Donation,56.7
2020-10-19 13:48:33.890452,Donation,59.4
2020-10-20 13:48:33.890452,Donation,58.0
2020-10-21 13:48:33.890452,Donation,56.3
2020-10-22 13:48:33.890452,Donation,57.9
2020-10-23 13:48:33.890452,Donation,52.9
2020-10-24 13:48:33.890452,Donation,57.5
2020-10-25 13:48:33.890452,Donation,58.4
2020-10-26 13:48:33.890452,Donation,58.2
2020-10-27 13:48:33.890452,Donation,54.8
2020-10-28 13:48:33.890452,Donation,57.0
2020-10-29 13:48:33.890452,Donation,58.6
2020-10-30 13:48:33.890452,Donation,58.9
2020-10-31 13:48:33.890452,Donation,58.4
2020-11-01 13:48:33.890452,Donation,57.2
2020-11-02 13:48:33.890452,Donation,55.0
2020-11-03 13:48:33.890452,Donation,55.1
2020-11-04 13:48:33.890452,Donation,59.1
2020-11-05 13:48:33.890452,Donation,59.5
2020-11-06 13:48:33.890452,Donation,55.4
2020-11-07 13:48:33.890452,Donation,56.6
2020-11-08 13:48:33.890452,Donation,58.1
2020-11-09 13:48:33.890452,Donation,58.2
2020-11-10 13:48:33.890452,Donation,58.4
2020-11-11 13:48:33.890452,Donation,57.8
2020-11-12 13:48:33.890452,Donation,55.8
2020-11-13 13:48:33.890452,Donation,58.9
2020-11-14 13:48:33.890452,Donation,58.9
2020-11-15 13:48:33.890452,Donation,56.0
2020-11-16 13:48:33.890452,Donation,59.7
2020-11-17 13:48:33.890452,Donation,51.8
2020-11-18 13:48:33.890452,Donation,56.8
2020-11-19 13:48:33.890452,Donation,60.6
2020-11-20 13:48:33.890452,Donation,60.8
2020-11-21 13:48:33.890452,Donation,58.6
2020-11-22 13:48:33.890452,Donation,58.8
2020-11-23 13:48:33.890452,Donation,58.7
2020-11-24 13:48:33.890452,Donation,57.9
2020-11-25 13:48:33.890452,Donation,58.9
2020-11-26 13:48:33.890452,Donation,57.6
2020-11-27 13:48:33.890452,Donation,59.2
2020-11-28 13:48:33.890452,Donation,56.5
2020-11-29 13:48:33.890452,Donation,58.3
2020-11-30 13:48:33.890452,Donation,55.3
2020-12-01 13:48:33.890452,Donation,55.7
2020-12-02 13:48:33.890452,Donation,58.4
2020-12-03 13:48:33.890452,Donation,56.2
2020-12-04 13:48:33.890452,Donation,58.4
2020-12-05 13:48:33.890452,Donation,54.0
2020-12-06 13:48:33.890452,Donation,54.9
2020-12-07 13:48:33.890452,Donation,57.9
2020-12-08 13:48:33.890452,Donation,54.7
2020-12-09 13:48:33.890452,Donation,56.9
2020-12-10 13:48:33.890452,Donation,57.8
2020-12-11 13:48:33.890452,Donation,58.3
2020-12-12 13:48:33.890452,Donation,57.7
2020-12-13 13:48:33.890452,Donation,57.5
2020-12-14 13:48:33.890452,Donation,58.7
2020-12-15 13:48:33.890452,Donation,54.5
2020-12-16 13:48:33.890452,Donation,59.4
2020-12-17 13:48:33.890452,Donation,58.8
2020-12-18 13:48:33.890452,Donation,56.8
2020-12-19 13:48:33.890452,Donation,59.3
2020-12-20 13:48:33.890452,Donation,58.5
2020-12-21 13:48:33.890452,Donation,60.8
2020-12-22 13:48:33.890452,Donation,59.6
2020-12-23 13:48:33.890452,Donation,57.3
2020-12-24 13:48:33.890452,Donation,55.8
2020-12-25 13:48:33.890452,Donation,59.7
2020-12-26 13:48:33.890452,Donation,57.6
2020-12-27 13:48:33.890452,Donation,57.2
2020-12-28 13:48:33.890452,Donation,56.0
2020-12-29 13:48:33.890452,Donation,61.2
2020-12-30 13:48:33.890452,Donation,55.7
2020-12-31 13:48:33.890452,Donation,58.9
2021-01-01 13:48:33.890452,Donation,60.5
2021-01-02 13:48:33.890452,Donation,56.8
2021-01-03 13:48:33.890452,Donation,57.6
2021-01-04 13:48:33.890452,Donation,53.7
2021-01-05 13:48:33.890452,Donation,55.0
2021-01-06 13:48:33.890452,Donation,60.9
2021-01-07 13:48:33.890452,Donation,54.5
2021-01-08 13:48:33.890452,Donation,57.4
2021-01-09 13:48:33.890452,Donation,58.4
2021-01-10 13:48:33.890452,Donation,55.8
2021-01-11 13:48:33.890452,Donation,56.2
2021-01-12 13:48:33.890452,Donation,59.4
2021-01-13 13:48:33.890452,Donation,55.4
2021-01-14 13:48:33.890452,Donation,56.8
2021-01-15 13:48:33.890452,Donation,55.6
2021-01-16 13:48:33.890452,Donation,56.0
2021-01-17 13:48:33.890452,Donation,61.4
2021-01-18 13:48:33.890452,Donation,54.7
2021-01-19 13:48:33.890452,Donation,61.6
2021-01-20 13:48:33.890452,Donation,54.9
2021-01-21 13:48:33.890452,Donation,54.3
2021-01-22 13:48:33.890452,Donation,56.4
2021-01-23 13:48:33.890452,Donation,54.7
2021-01-24 13:48:33.890452,Donation,58.4
2021-01-25 13:48:33.890452,Donation,58.4
2021-01-26 13:48:33.890452,Donation,55.0
2021-01-27 13:48:33.890452,Donation,54.9
2021-01-28 13:48:33.890452,Donation,58.0
2021-01-29 13:48:33.890452,Donation,56.4
2021-01-30 13:48:33.890452,Donation,55.5
2021-01-31 13:48:33.890452,Donation,56.1
2021-02-01 13:48:33.890452,Donation,57.5
2021-02-02 13:48:33.890452,Donation,58.0
2021-02-03 13:48:33.890452,Donation,56.0
2021-02-04 13:48:33.890452,Donation,57.9
2021-02-05 13:48:33.890452,Donation,57.0
2021-02-06 13:48:33.890452,Donation,55.5
2021-02-07 13:48:33.890452,Donation,57.4
2021-02-08 13:48:33.890452,Donation,56.4
2021-02-09 13:48:33.890452,Donation,54.5
2021-02-10 13:48:33.890452,Donation,62.5
2021-02-11 13:48:33.890452,Donation,58.7
2021-02-12 13:48:33.890452,Donation,57.5
2021-02-13 13:48:33.890452,Donation,59.9
2021-02-14 13:48:33.890452,Donation,55.6
2021-02-15 13:48:33.890452,Donation,56.0
2021-02-16 13:48:33.890452,Donation,55.1
2021-02-17 13:48:33.890452,Donation,58.4
2021-02-18 13:48:33.890452,Donation,56.6
2021-02-19 13:48:33.890452,Donation,56.3
2021-02-20 13:48:33.890452,Donation,54.5
2021-02-21 13:48:33.890452,Donation,54.5
2021-02-22 13:48:33.890452,Donation,55.1
2021-02-23 13:48:33.890452,Donation,56.8
2021-02-24 13:48:33.890452,Donation,56.6
2021-02-25 13:48:33.890452,Donation,57.3
2021-02-26 13:48:33.890452,Donation,56.1
2021-02-27 13:48:33.890452,Donation,53.8
2021-02-28 13:48:33.890452,Donation,56.6
2021-03-01 13:48:33.890452,Donation,56.3
2021-03-02 13:48:33.890452,Donation,56.2
2021-03-03 13:48:33.890452,Donation,53.7
2021-03-04 13:48:33.890452,Donation,56.8
2021-03-05 13:48:33.890452,Donation,55.3
2021-03-06 13:48:33.890452,Donation,55.3
2021-03-07 13:48:33.890452,Donation,56.0
2021-03-08 13:48:33.890452,Donation,58.5
2021-03-09 13:48:33.890452,Donation,57.3
2021-03-10 13:48:33.890452,Donation,50.9
2021-03-11 13:48:33.890452,Donation,56.8
2021-03-12 13:48:33.890452,Donation,58.2
2021-03-13 13:48:33.890452,Donation,59.3
2021-03-14 13:48:33.890452,Donation,55.6
2021-03-15 13:48:33.890452,Donation,53.5
2021-03-16 13:48:33.890452,Donation,56.1
2021-03-17 13:48:33.890452,Donation,53.4
2021-03-18 13:48:33.890452,Donation,55.4
2021-03-19 13:48:33.890452,Donation,57.3
2021-03-20 13:48:33.890452,Donation,50.9
2021-03-21 13:48:33.890452,Donation,53.8
2021-03-22 13:48:33.890452,Donation,55.9
2021-03-23 13:48:33.890452,Donation,50.8
2021-03-24 13:48:33.890452,Donation,53.0
2021-03-25 13:48:33.890452,Donation,60.6
2021-03-26 13:48:33.890452,Donation,55.7
2021-03-27 13:48:33.890452,Donation,55.2
2021-03-28 13:48:33.890452,Donation,55.7
2021-03-29 13:48:33.890452,Donation,54.7
2021-03-30 13:48:33.890452,Donation,59.6
2021-03-31 13:48:33.890452,Donation,56.9
2021-04-01 13:48:33.890452,Donation,53.7
2021-04-02 13:48:33.890452,Donation,52.9
2021-04-03 13:48:33.890452,Donation,55.3
2021-04-04 13:48:33.890452,Donation,52.2
2021-04-05 13:48:33.890452,Donation,55.4
2021-04-06 13:48:33.890452,Donation,57.4
2021-04-07 13:48:33.890452,Donation,55.3
2021-04-08 13:48:33.890452,Donation,53.9
2021-04-09 13:48:33.890452,Donation,56.4
2021-04-10 13:48:33.890452,Donation,56.0
2021-04-11 13:48:33.890452,Donation,51.2
2021-04-12 13:48:33.890452,Donation,54.0
2021-04-13 13:48:33.890452,Donation,53.0
2021-04-14 13:48:33.890452,Donation,54.4
2021-04-15 13:48:33.890452,Donation,52.7
2021-04-16 13:48:33.890452,Donation,55.9
2021-04-17 13:48:33.890452,Donation,52.4
2021-04-18 13:48:33.890452,Donation,51.5
2021-04-19 13:48:33.890452,Donation,53.4
2021-04-20 13:48:33.890452,Donation,48.8
2021-04-21 13:48:33.890452,Donation,52.3
2021-04-22 13:48:33.890452,Donation,52.6
2021-04-23 13:48:33.890452,Donation,59.3
2021-04-24 13:48:33.890452,Donation,52.9
2021-04-25 13:48:33.890452,Donation,57.4
2021-04-26 13:48:33.890452,Donation,53.7
2021-04-27 13:48:33.890452,Donation,53.3
2021-04-28 13:48:33.890452,Donation,55.3
2021-04-29 13:48:33.890452,Donation,51.4
2021-04-30 13:48:33.890452,Donation,51.4
2021-05-01 13:48:33.890452,Donation,52.5
2021-05-02 13:48:33.890452,Donation,51.3
2021-05-03 13:48:33.890452,Donation,51.9
2021-05-04 13:48:33.890452,Donation,52.6
2021-05-05 13:48:33.890452,Donation,52.0
2021-05-06 13:48:33.890452,Donation,49.6
2021-05-07 13:48:33.890452,Donation,54.4
2021-05-08 13:48:33.890452,Donation,51.5
2021-05-09 13:48:33.890452,Donation,54.4
2021-05-10 13:48:33.890452,Donation,53.2
2021-05-11 13:48:33.890452,Donation,52.7
2021-05-12 13:48:33.890452,Donation,52.5
2021-05-13 13:48:33.890452,Donation,50.0
2021-05-14 13:48:33.890452,Donation,53.8
2021-05-15 13:48:33.890452,Donation,52.5
2021-05-16 13:48:33.890452,Donation,51.2
2021-05-17 13:48:33.890452,Donation,53.5
2021-05-18 13:48:33.890452,Donation,52.1
2021-05-19 13:48:33.890452,Donation,50.8
2021-05-20 13:48:33.890452,Donation,50.9
2021-05-21 13:48:33.890452,Donation,50.0
2021-05-22 13:48:33.890452,Donation,52.0
2021-05-23 13:48:33.890452,Donation,48.9
2021-05-24 13:48:33.890452,Donation,50.8
2021-05-25 13:48:33.890452,Donation,51.9
2021-05-26 13:48:33.890452,Donation,50.6
2021-05-27 13:48:33.890452,Donation,51.8
2021-05-28 13:48:33.890452,Donation,52.4
2021-05-29 13:48:33.890452,Donation,47.6
2021-05-30 13:48:33.890452,Donation,50.7
2021-05-31 13:48:33.890452,Donation,47.6
2021-06-01 13:48:33.890452,Donation,53.6
2021-06-02 13:48:33.890452,Donation,52.0
2021-06-03 13:48:33.890452,Donation,49.5
2021-06-04 13:48:33.890452,Donation,49.5
2021-06-05 13:48:33.890452,Donation,51.9
2021-06-06 13:48:33.890452,Donation,49.8
2021-06-07 13:48:33.890452,Donation,52.2
2021-06-08 13:48:33.890452,Donation,49.6
2021-06-09 13:48:33.890452,Donation,50.6
2021-06-10 13:48:33.890452,Donation,49.1
2021-06-11 13:48:33.890452,Donation,49.3
2021-06-12 13:48:33.890452,Donation,51.4
2021-06-13 13:48:33.890452,Donation,54.4
2021-06-14 13:48:33.890452,Donation,48.9
2021-06-15 13:48:33.890452,Donation,47.5
2021-06-16 13:48:33.890452,Donation,46.6
2021-06-17 13:48:33.890452,Donation,52.3
2021-06-18 13:48:33.890452,Donation,51.1
2021-06-19 13:48:33.890452,Donation,49.2
2021-06-20 13:48:33.890452,Donation,46.7
2021-06-21 13:48:33.890452,Donation,51.7
2021-06-22 13:48:33.890452,Donation,51.8
2021-06-23 13:48:33.890452,Donation,48.2
2021-06-24 13:48:33.890452,Donation,49.3
2021-06-25 13:48:33.890452,Donation,51.0
2021-06-26 13:48:33.890452,Donation,46.2
2021-06-27 13:48:33.890452,Donation,46.5
2021-06-28 13:48:33.890452,Donation,49.7
2021-06-29 13:48:33.890452,Donation,47.6
2021-06-30 13:48:33.890452,Donation,50.4
2021-07-01 13:48:33.890452,Donation,48.1
2021-07-02 13:48:33.890452,Donation,49.8
2021-07-03 13:48:33.890452,Donation,47.2
2021-07-04 13:48:33.890452,Donation,48.7
2021-07-05 13:48:33.890452,Donation,48.0
2021-07-06 13:48:33.890452,Donation,48.0
2021-07-07 13:48:33.890452,Donation,48.2
2021-07-08 13:48:33.890452,Donation,47.8
2021-07-09 13:48:33.890452,Donation,48.5
2021-07-10 13:48:33.890452,Donation,45.6
2021-07-11 13:48:33.890452,Donation,48.5
2021-07-12 13:48:33.890452,Donation,48.3
2021-07-13 13:48:33.890452,Donation,51.2
2021-07-14 13:48:33.890452,Donation,47.3
2021-07-15 13:48:33.890452,Donation,43.9
2021-07-16 13:48:33.890452,Donation,50.0
2021-07-17 13:48:33.890452,Donation,51.1
2021-07-18 13:48:33.890452,Donation,49.3
2021-07-19 13:48:33.890452,Donation,48.9
2021-07-20 13:48:33.890452,Donation,43.4
2021-07-21 13:48:33.890452,Donation,45.9
2021-07-22 13:48:33.890452,Donation,47.9
2021-07-23 13:48:33.890452,Donation,50.8
2021-07-24 13:48:33.890452,Donation,48.1
2021-07-25 13:48:33.890452,Donation,44.5
2021-07-26 13:48:33.890452,Donation,46.4
2021-07-27 13:48:33.890452,Donation,46.1
2021-07-28 13:48:33.890452,Donation,50.9
2021-07-29 13:48:33.890452,Donation,48.3
2021-07-30 13:48:33.890452,Donation,44.3
2021-07-31 13:48:33.890452,Donation,44.4
2021-08-01 13:48:33.890452,Donation,48.7
2021-08-02 13:48:33.890452,Donation,48.6
2021-08-03 13:48:33.890452,Donation,46.8
2021-08-04 13:48:33.890452,Donation,46.5
2021-08-05 13:48:33.890452,Donation,47.5
2021-08-06 13:48:33.890452,Donation,47.5
2021-08-07 13:48:33.890452,Donation,45.0
2021-08-08 13:48:33.890452,Donation,45.8
2021-08-09 13:48:33.890452,Donation,45.3
2021-08-10 13:48:33.890452,Donation,44.8
2021-08-11 13:48:33.890452,Donation,45.5
2021-08-12 13:48:33.890452,Donation,46.5
2021-08-13 13:48:33.890452,Donation,48.5
2021-08-14 13:48:33.890452,Donation,43.9
2021-08-15 13:48:33.890452,Donation,45.3
2021-08-16 13:48:33.890452,Donation,48.1
2021-08-17 13:48:33.890452,Donation,44.3
2021-08-18 13:48:33.890452,Donation,40.7
2021-08-19 13:48:33.890452,Donation,46.9
2021-08-20 13:48:33.890452,Donation,48.5
2021-08-21 13:48:33.890452,Donation,44.3
2021-08-22 13:48:33.890452,Donation,46.8
2021-08-23 13:48:33.890452,Donation,45.6
2021-08-24 13:48:33.890452,Donation,42.6
2021-08-25 13:48:33.890452,Donation,46.7
2021-08-26 13:48:33.890452,Donation,46.9
2021-08-27 13:48:33.890452,Donation,44.2
2021-08-28 13:48:33.890452,Donation,46.1
2021-08-29 13:48:33.890452,Donation,43.1
2021-08-30 13:48:33.890452,Donation,45.2
2021-08-31 13:48:33.890452,Donation,45.3
2021-09-01 13:48:33.890452,Donation,44.2
2021-09-02 13:48:33.890452,Donation,41.9
2021-09-03 13:48:33.890452,Donation,44.4
2021-09-04 13:48:33.890452,Donation,44.9
2021-09-05 13:48:33.890452,Donation,42.0
2021-09-06 13:48:33.890452,Donation,45.8
2021-09-07 13:48:33.890452,Donation,42.7
2021-09-08 13:48:33.890452,Donation,43.2
2021-09-09 13:48:33.890452,Donation,41.2
2021-09-10 13:48:33.890452,Donation,44.6
2021-09-11 13:48:33.890452,Donation,48.8
2021-09-12 13:48:33.890452,Donation,42.7
2021-09-13 13:48:33.890452,Donation,41.9
2021-09-14 13:48:33.890452,Donation,42.6
2021-09-15 13:48:33.890452,Donation,43.4
2021-09-16 13:48:33.890452,Donation,44.1
2021-09-17 13:48:33.890452,Donation,45.2
2021-09-18 13:48:33.890452,Donation,44.6
2021-09-19 13:48:33.890452,Donation,42.0
2021-09-20 13:48:33.890452,Donation,43.8
2021-09-21 13:48:33.890452,Donation,39.3
2021-09-22 13:48:33.890452,Donation,41.3
2021-09-23 13:48:33.890452,Donation,41.1
2021-09-24 13:48:33.890452,Donation,42.3
2021-09-25 13:48:33.890452,Donation,38.8
2021-09-26 13:48:33.890452,Donation,44.0
2021-09-27 13:48:33.890452,Donation,40.3
2021-09-28 13:48:33.890452,Donation,43.5
2021-09-29 13:48:33.890452,Donation,44.8
2021-09-30 13:48:33.890452,Donation,46.9
2021-10-01 13:48:33.890452,Donation,38.7
2021-10-02 13:48:33.890452,Donation,43.7
2021-10-03 13:48:33.890452,Donation,41.2
2021-10-04 13:48:33.890452,Donation,42.8
2021-10-05 13:48:33.890452,Donation,41.0
2021-10-06 13:48:33.890452,Donation,40.0
2021-10-07 13:48:33.890452,Donation,41.7
2021-10-08 13:48:33.890452,Donation,42.3
2021-10-09 13:48:33.890452,Donation,44.8
2021-10-10 13:48:33.890452,Donation,38.5
2021-10-11 13:48:33.890452,Donation,41.1
2021-10-12 13:48:33.890452,Donation,38.9
2021-10-13 13:48:33.890452,Donation,40.1
2021-10-14 13:48:33.890452,Donation,42.1
2021-10-15 13:48:33.890452,Donation,40.4
2021-10-16 13:48:33.890452,Donation,41.6
2021-10-17 13:48:33.890452,Donation,43.9
2021-10-18 13:48:33.890452,Donation,39.5
2021-10-19 13:48:33.890452,Donation,37.8
2021-10-20 13:48:33.890452,Donation,38.7
2021-10-21 13:48:33.890452,Donation,40.1
2021-10-22 13:48:33.890452,Donation,33.5
2021-10-23 13:48:33.890452,Donation,41.2
2021-10-24 13:48:33.890452,Donation,46.6
2021-10-25 13:48:33.890452,Donation,36.5
2021-10-26 13:48:33.890452,Donation,37.4
2021-10-27 13:48:33.890452,Donation,39.7
2021-10-28 13:48:33.890452,Donation,42.2
2021-10-29 13:48:33.890452,Donation,38.9
2021-10-30 13:48:33.890452,Donation,39.7
2021-10-31 13:48:33.890452,Donation,39.3
2021-11-01 13:48:33.890452,Donation,38.9
2021-11-02 13:48:33.890452,Donation,40.7
2021-11-03 13:48:33.890452,Donation,40.2
2021-11-04 13:48:33.890452,Donation,43.5
2021-11-05 13:48:33.890452,Donation,42.5
2021-11-06 13:48:33.890452,Donation,37.1
2021-11-07 13:48:33.890452,Donation,39.3
2021-11-08 13:48:33.890452,Donation,40.6
2021-11-09 13:48:33.890452,Donation,38.9
2021-11-10 13:48:33.890452,Donation,36.2
2021-11-11 13:48:33.890452,Donation,37.9
2021-11-12 13:48:33.890452,Donation,39.0
2021-11-13 13:48:33.890452,Donation,36.7
2021-11-14 13:48:33.890452,Donation,39.9
2021-11-15 13:48:33.890452,Donation,35.4
2021-11-16 13:48:33.890452,Donation,36.3
2021-11-17 13:48:33.890452,Donation,38.2
2021-11-18 13:48:33.890452,Donation,38.9
2021-11-19 13:48:33.890452,Donation,39.9
2021-11-20 13:48:33.890452,Donation,36.4
2021-11-21 13:48:33.890452,Donation,37.8
2021-11-22 13:48:33.890452,Donation,37.0
2021-11-23 13:48:33.890452,Donation,37.0
2021-11-24 13:48:33.890452,Donation,39.2
2021-11-25 13:48:33.890452,Donation,39.5
2021-11-26 13:48:33.890452,Donation,40.5
2021-11-27 13:48:33.890452,Donation,38.2
2021-11-28 13:48:33.890452,Donation,35.1
2021-11-29 13:48:33.890452,Donation,39.9
2021-11-30 13:48:33.890452,Donation,31.9
2021-12-01 13:48:33.890452,Donation,37.4
2021-12-02 13:48:33.890452,Donation,40.1
2021-12-03 13:48:33.890452,Donation,36.4
2021-12-04 13:48:33.890452,Donation,33.4
2021-12-05 13:48:33.890452,Donation,39.0
2021-12-06 13:48:33.890452,Donation,38.0
2021-12-07 13:48:33.890452,Donation,40.0
2021-12-08 13:48:33.890452,Donation,38.1
2021-12-09 13:48:33.890452,Donation,36.7
2021-12-10 13:48:33.890452,Donation,37.7
2021-12-11 13:48:33.890452,Donation,41.0
2021-12-12 13:48:33.890452,Donation,36.7
2021-12-13 13:48:33.890452,Donation,38.7
2021-12-14 13:48:33.890452,Donation,37.7
2021-12-15 13:48:33.890452,Donation,34.7
2021-12-16 13:48:33.890452,Donation,36.8
2021-12-17 13:48:33.890452,Donation,41.2
2021-12-18 13:48:33.890452,Donation,39.4
2021-12-19 13:48:33.890452,Donation,38.1
2021-12-20 13:48:33.890452,Donation,36.9
2021-12-21 13:48:33.890452,Donation,33.9
2021-12-22 13:48:33.890452,Donation,39.3
2021-12-23 13:48:33.890452,Donation,41.3
2021-12-24 13:48:33.890452,Donation,39.6
2021-12-25 13:48:33.890452,Donation,38.3
2021-12-26 13:48:33.890452,Donation,35.5
2021-12-27 13:48:33.890452,Donation,34.9
2021-12-28 13:48:33.890452,Donation,35.0
2021-12-29 13:48:33.890452,Donation,34.4
2021-12-30 13:48:33.890452,Donation,37.7
2021-12-31 13:48:33.890452,Donation,38.4
2022-01-01 13:48:33.890452,Donation,34.9
2022-01-02 13:48:33.890452,Donation,35.2
2022-01-03 13:48:33.890452,Donation,36.2
2022-01-04 13:48:33.890452,Donation,33.0
2022-01-05 13:48:33.890452,Donation,36.0
2022-01-06 13:48:33.890452,Donation,36.9
2022-01-07 13:48:33.890452,Donation,37.2
2022-01-08 13:48:33.890452,Donation,36.8
2022-01-09 13:48:33.890452,Donation,34.0
2022-01-10 13:48:33.890452,Donation,34.3
2022-01-11 13:48:33.890452,Donation,30.6
2022-01-12 13:48:33.890452,Donation,34.9
2022-01-13 13:48:33.890452,Donation,35.0
2022-01-14 13:48:33.890452,Donation,34.6
2022-01-15 13:48:33.890452,Donation,38.5
2022-01-16 13:48:33.890452,Donation,36.8
2022-01-17 13:48:33.890452,Donation,34.6
2022-01-18 13:48:33.890452,Donation,35.5
2022-01-19 13:48:33.890452,Donation,37.1
2022-01-20 13:48:33.890452,Donation,37.8
2022-01-21 13:48:33.890452,Donation,34.0
2022-01-22 13:48:33.890452,Donation,34.2
2022-01-23 13:48:33.890452,Donation,34.0
2022-01-24 13:48:33.890452,Donation,33.7
2022-01-25 13:48:33.890452,Donation,32.0
2022-01-26 13:48:33.890452,Donation,34.5
2022-01-27 13:48:33.890452,Donation,37.6
2022-01-28 13:48:33.890452,Donation,37.6
2022-01-29 13:48:33.890452,Donation,35.8
2022-01-30 13:48:33.890452,Donation,37.9
2022-01-31 13:48:33.890452,Donation,36.0
2022-02-01 13:48:33.890452,Donation,35.9
2022-02-02 13:48:33.890452,Donation,36.9
2022-02-03 13:48:33.890452,Donation,35.8
2022-02-04 13:48:33.890452,Donation,30.0
2022-02-05 13:48:33.890452,Donation,36.7
2022-02-06 13:48:33.890452,Donation,35.5
2022-02-07 13:48:33.890452,Donation,32.9
2022-02-08 13:48:33.890452,Donation,35.6
2022-02-09 13:48:33.890452,Donation,34.1
2022-02-10 13:48:33.890452,Donation,36.6
2022-02-11 13:48:33.890452,Donation,37.2
2022-02-12 13:48:33.890452,Donation,34.5
2022-02-13 13:48:33.890452,Donation,36.1
2022-02-14 13:48:33.890452,Donation,34.7
2022-02-15 13:48:33.890452,Donation,34.2
2022-02-16 13:48:33.890452,Donation,35.9
2022-02-17 13:48:33.890452,Donation,34.4
2022-02-18 13:48:33.890452,Donation,34.7
2022-02-19 13:48:33.890452,Donation,37.1
2022-02-20 13:48:33.890452,Donation,38.7
2022-02-21 13:48:33.890452,Donation,35.0
2022-02-22 13:48:33.890452,Donation,33.7
2022-02-23 13:48:33.890452,Donation,37.0
2022-02-24 13:48:33.890452,Donation,35.7
2022-02-25 13:48:33.890452,Donation,35.3
2022-02-26 13:48:33.890452,Donation,33.2
2022-02-27 13:48:33.890452,Donation,34.0
2022-02-28 13:48:33.890452,Donation,32.6
2022-03-01 13:48:33.890452,Donation,35.7
2022-03-02 13:48:33.890452,Donation,34.7
2022-03-03 13:48:33.890452,Donation,31.2
2022-03-04 13:48:33.890452,Donation,31.4
2022-03-05 13:48:33.890452,Donation,36.7
2022-03-06 13:48:33.890452,Donation,34.1
2022-03-07 13:48:33.890452,Donation,38.2
2022-03-08 13:48:33.890452,Donation,33.8
2022-03-09 13:48:33.890452,Donation,37.6
2022-03-10 13:48:33.890452,Donation,32.0
2022-03-11 13:48:33.890452,Donation,33.3
2022-03-12 13:48:33.890452,Donation,33.9
2022-03-13 13:48:33.890452,Donation,31.5
2022-03-14 13:48:33.890452,Donation,34.2
2022-03-15 13:48:33.890452,Donation,34.8
2022-03-16 13:48:33.890452,Donation,35.7
2022-03-17 13:48:33.890452,Donation,34.1
2022-03-18 13:48:33.890452,Donation,33.6
2022-03-19 13:48:33.890452,Donation,37.2
2022-03-20 13:48:33.890452,Donation,32.4
2022-03-21 13:48:33.890452,Donation,35.1
2022-03-22 13:48:33.890452,Donation,34.8
2022-03-23 13:48:33.890452,Donation,32.4
2022-03-24 13:48:33.890452,Donation,32.9
2022-03-25 13:48:33.890452,Donation,32.5
2022-03-26 13:48:33.890452,Donation,30.7
2022-03-27 13:48:33.890452,Donation,30.5
2022-03-28 13:48:33.890452,Donation,30.9
2022-03-29 13:48:33.890452,Donation,32.0
2022-03-30 13:48:33.890452,Donation,28.4
2022-03-31 13:48:33.890452,Donation,31.5
2022-04-01 13:48:33.890452,Donation,34.5
2022-04-02 13:48:33.890452,Donation,38.2
2022-04-03 13:48:33.890452,Donation,31.0
2022-04-04 13:48:33.890452,Donation,30.9
2022-04-05 13:48:33.890452,Donation,36.7
2022-04-06 13:48:33.890452,Donation,32.5
2022-04-07 13:48:33.890452,Donation,33.7
2022-04-08 13:48:33.890452,Donation,36.3
2022-04-09 13:48:33.890452,Donation,33.6
2022-04-10 13:48:33.890452,Donation,33.5
2022-04-11 13:48:33.890452,Donation,33.3
2022-04-12 13:48:33.890452,Donation,34.5
2022-04-13 13:48:33.890452,Donation,32.7
2022-04-14 13:48:33.890452,Donation,36.0
2022-04-15 13:48:33.890452,Donation,33.0
2022-04-16 13:48:33.890452,Donation,34.7
2022-04-17 13:48:33.890452,Donation,30.4
2022-04-18 13:48:33.890452,Donation,28.7
2022-04-19 13:48:33.890452,Donation,32.3
2022-04-20 13:48:33.890452,Donation,30.9
2022-04-21 13:48:33.890452,Donation,32.3
2022-04-22 13:48:33.890452,Donation,35.5
2022-04-23 13:48:33.890452,Donation,31.9
2022-04-24 13:48:33.890452,Donation,34.6
2022-04-25 13:48:33.890452,Donation,36.2
2022-04-26 13:48:33.890452,Donation,33.1
2022-04-27 13:48:33.890452,Donation,32.0
2022-04-28 13:48:33.890452,Donation,33.1
2022-04-29 13:48:33.890452,Donation,33.2
2022-04-30 13:48:33.890452,Donation,28.8
2022-05-01 13:48:33.890452,Donation,32.8
2022-05-02 13:48:33.890452,Donation,29.6
2022-05-03 13:48:33.890452,Donation,33.1
2022-05-04 13:48:33.890452,Donation,35.5
2022-05-05 13:48:33.890452,Donation,35.1
2022-05-06 13:48:33.890452,Donation,34.2
2022-05-07 13:48:33.890452,Donation,30.8
2022-05-08 13:48:33.890452,Donation,29.3
2022-05-09 13:48:33.890452,Donation,32.8
2022-05-10 13:48:33.890452,Donation,30.9
2022-05-11 13:48:33.890452,Donation,30.4
2022-05-12 13:48:33.890452,Donation,32.2
2022-05-13 13:48:33.890452,Donation,35.1
2022-05-14 13:48:33.890452,Donation,34.3
2022-05-15 13:48:33.890452,Donation,34.2
2022-05-16 13:48:33.890452,Donation,31.3
2022-05-17 13:48:33.890452,Donation,29.2
2022-05-18 13:48:33.890452,Donation,31.1
2022-05-19 13:48:33.890452,Donation,32.6
2022-05-20 13:48:33.890452,Donation,34.6
2022-05-21 13:48:33.890452,Donation,33.2
2022-05-22 13:48:33.890452,Donation,31.3
2022-05-23 13:48:33.890452,Donation,31.5
2022-05-24 13:48:33.890452,Donation,34.3
2022-05-25 13:48:33.890452,Donation,34.4
2022-05-26 13:48:33.890452,Donation,34.6
2022-05-27 13:48:33.890452,Donation,34.5
2022-05-28 13:48:33.890452,Donation,29.6
2022-05-29 13:48:33.890452,Donation,31.9
2022-05-30 13:48:33.890452,Donation,33.1
2022-05-31 13:48:33.890452,Donation,33.0
2022-06-01 13:48:33.890452,Donation,30.9
2022-06-02 13:48:33.890452,Donation,33.4
2022-06-03 13:48:33.890452,Donation,34.5
2022-06-04 13:48:33.890452,Donation,34.3
2022-06-05 13:48:33.890452,Donation,31.8
2022-06-06 13:48:33.890452,Donation,30.8
2022-06-07 13:48:33.890452,Donation,32.8
2022-06-08 13:48:33.890452,Donation,32.5
2022-06-09 13:48:33.890452,Donation,33.9
2022-06-10 13:48:33.890452,Donation,34.2
2022-06-11 13:48:33.890452,Donation,34.4
2022-06-12 13:48:33.890452,Donation,30.1
2022-06-13 13:48:33.890452,Donation,35.4
2022-06-14 13:48:33.890452,Donation,33.5
2022-06-15 13:48:33.890452,Donation,33.3
2022-06-16 13:48:33.890452,Donation,32.8
2022-06-17 13:48:33.890452,Donation,33.6
2022-06-18 13:48:33.890452,Donation,35.8
2022-06-19 13:48:33.890452,Donation,33.7
2022-06-20 13:48:33.890452,Donation,33.0
2022-06-21 13:48:33.890452,Donation,33.6
2022-06-22 13:48:33.890452,Donation,33.6
2022-06-23 13:48:33.890452,Donation,32.7
2022-06-24 13:48:33.890452,Donation,34.9
2022-06-25 13:48:33.890452,Donation,30.0
2022-06-26 13:48:33.890452,Donation,33.9
2022-06-27 13:48:33.890452,Donation,34.1
2022-06-28 13:48:33.890452,Donation,35.4
2022-06-29 13:48:33.890452,Donation,31.8
2022-06-30 13:48:33.890452,Donation,30.3
2022-07-01 13:48:33.890452,Donation,35.5
2022-07-02 13:48:33.890452,Donation,33.8
2022-07-03 13:48:33.890452,Donation,31.8
2022-07-04 13:48:33.890452,Donation,31.5
2022-07-05 13:48:33.890452,Donation,34.1
2022-07-06 13:48:33.890452,Donation,35.6
2022-07-07 13:48:33.890452,Donation,35.3
2022-07-08 13:48:33.890452,Donation,32.8
2022-07-09 13:48:33.890452,Donation,28.6
2022-07-10 13:48:33.890452,Donation,31.0
2022-07-11 13:48:33.890452,Donation,31.9
2022-07-12 13:48:33.890452,Donation,35.3
2022-07-13 13:48:33.890452,Donation,31.9
2022-07-14 13:48:33.890452,Donation,34.0
2022-07-15 13:48:33.890452,Donation,34.9
2022-07-16 13:48:33.890452,Donation,33.1
2022-07-17 13:48:33.890452,Donation,36.7
2022-07-18 13:48:33.890452,Donation,36.2
2022-07-19 13:48:33.890452,Donation,30.8
2022-07-20 13:48:33.890452,Donation,31.8
2022-07-21 13:48:33.890452,Donation,33.5
2022-07-22 13:48:33.890452,Donation,30.0
2022-07-23 13:48:33.890452,Donation,35.7
2022-07-24 13:48:33.890452,Donation,35.0
2022-07-25 13:48:33.890452,Donation,34.6
2022-07-26 13:48:33.890452,Donation,33.1
2022-07-27 13:48:33.890452,Donation,31.6
2022-07-28 13:48:33.890452,Donation,35.6
2022-07-29 13:48:33.890452,Donation,31.5
2022-07-30 13:48:33.890452,Donation,32.9
2022-07-31 13:48:33.890452,Donation,30.7
2022-08-01 13:48:33.890452,Donation,29.2
2022-08-02 13:48:33.890452,Donation,34.7
2022-08-03 13:48:33.890452,Donation,32.3
2022-08-04 13:48:33.890452,Donation,33.9
2022-08-05 13:48:33.890452,Donation,34.7
2022-08-06 13:48:33.890452,Donation,34.1
2022-08-07 13:48:33.890452,Donation,36.8
2022-08-08 13:48:33.890452,Donation,36.0
2022-08-09 13:48:33.890452,Donation,35.2
2022-08-10 13:48:33.890452,Donation,32.3
2022-08-11 13:48:33.890452,Donation,36.9
2022-08-12 13:48:33.890452,Donation,34.5
2022-08-13 13:48:33.890452,Donation,34.6
2022-08-14 13:48:33.890452,Donation,37.5
2022-08-15 13:48:33.890452,Donation,31.2
2022-08-16 13:48:33.890452,Donation,31.6
2022-08-17 13:48:33.890452,Donation,35.8
2022-08-18 13:48:33.890452,Donation,40.2
2022-08-19 13:48:33.890452,Donation,38.0
2022-08-20 13:48:33.890452,Donation,35.2
2022-08-21 13:48:33.890452,Donation,36.8
2022-08-22 13:48:33.890452,Donation,35.4
2022-08-23 13:48:33.890452,Donation,36.1
2022-08-24 13:48:33.890452,Donation,35.4
2022-08-25 13:48:33.890452,Donation,34.9
2022-08-26 13:48:33.890452,Donation,37.0
2022-08-27 13:48:33.890452,Donation,35.2
2022-08-28 13:48:33.890452,Donation,36.9
2022-08-29 13:48:33.890452,Donation,34.9
2022-08-30 13:48:33.890452,Donation,34.6
2022-08-31 13:48:33.890452,Donation,34.3
2022-09-01 13:48:33.890452,Donation,33.2
2022-09-02 13:48:33.890452,Donation,36.5
2022-09-03 13:48:33.890452,Donation,36.2
2022-09-04 13:48:33.890452,Donation,32.6
2022-09-05 13:48:33.890452,Donation,32.1
2022-09-06 13:48:33.890452,Donation,36.5
2022-09-07 13:48:33.890452,Donation,34.3
2022-09-08 13:48:33.890452,Donation,34.8
2022-09-09 13:48:33.890452,Donation,35.6
2022-09-10 13:48:33.890452,Donation,35.0
2022-09-11 13:48:33.890452,Donation,35.5
2022-09-12 13:48:33.890452,Donation,38.3
2022-09-13 13:48:33.890452,Donation,35.5
2022-09-14 13:48:33.890452,Donation,33.1
2022-09-15 13:48:33.890452,Donation,35.7
2022-09-16 13:48:33.890452,Donation,36.9
2022-09-17 13:48:33.890452,Donation,39.0
2022-09-18 13:48:33.890452,Donation,37.7
2022-09-19 13:48:33.890452,Donation,33.3
2022-09-20 13:48:33.890452,Donation,40.0
2022-09-21 13:48:33.890452,Donation,36.5
2022-09-22 13:48:33.890452,Donation,37.2
2022-09-23 13:48:33.890452,Donation,36.8
2022-09-24 13:48:33.890452,Donation,37.7
2022-09-25 13:48:33.890452,Donation,33.9
2022-09-26 13:48:33.890452,Donation,39.2
2022-09-27 13:48:33.890452,Donation,35.1
2022-09-28 13:48:33.890452,Donation,37.2
2022-09-29 13:48:33.890452,Donation,39.2
2022-09-30 13:48:33.890452,Donation,36.9
2022-10-01 13:48:33.890452,Donation,36.8
2022-10-02 13:48:33.890452,Donation,36.7
2022-10-03 13:48:33.890452,Donation,35.3
2022-10-04 13:48:33.890452,Donation,38.2
2022-10-05 13:48:33.890452,Donation,38.2
2022-10-06 13:48:33.890452,Donation,39.9
2022-10-07 13:48:33.890452,Donation,36.1
2022-10-08 13:48:33.890452,Donation,35.6
2022-10-09 13:48:33.890452,Donation,39.2
2022-10-10 13:48:33.890452,Donation,39.6
2022-10-11 13:48:33.890452,Donation,35.6
2022-10-12 13:48:33.890452,Donation,42.1
2022-10-13 13:48:33.890452,Donation,39.5
2022-10-14 13:48:33.890452,Donation,39.4
2022-10-15 13:48:33.890452,Donation,38.5
2022-10-16 13:48:33.890452,Donation,40.2
2022-10-17 13:48:33.890452,Donation,42.4
2022-10-18 13:48:33.890452,Donation,35.4
2022-10-19 13:48:33.890452,Donation,36.5
2022-10-20 13:48:33.890452,Donation,36.7
2022-10-21 13:48:33.890452,Donation,37.5
2022-10-22 13:48:33.890452,Donation,36.8
2022-10-23 13:48:33.890452,Donation,39.7
2022-10-24 13:48:33.890452,Donation,38.2
2022-10-25 13:48:33.890452,Donation,38.2
2022-10-26 13:48:33.890452,Donation,39.0
2022-10-27 13:48:33.890452,Donation,39.3
2022-10-28 13:48:33.890452,Donation,43.3
2022-10-29 13:48:33.890452,Donation,40.4
2022-10-30 13:48:33.890452,Donation,39.0
2022-10-31 13:48:33.890452,Donation,41.6
2022-11-01 13:48:33.890452,Donation,39.7
2022-11-02 13:48:33.890452,Donation,37.6
2022-11-03 13:48:33.890452,Donation,39.7
2022-11-04 13:48:33.890452,Donation,40.8
2022-11-05 13:48:33.890452,Donation,40.8
2022-11-06 13:48:33.890452,Donation,39.4
2022-11-07 13:48:33.890452,Donation,37.3
2022-11-08 13:48:33.890452,Donation,40.0
2022-11-09 13:48:33.890452,Donation,38.6
2022-11-10 13:48:33.890452,Donation,42.7
2022-11-11 13:48:33.890452,Donation,41.9
2022-11-12 13:48:33.890452,Donation,39.4
2022-11-13 13:48:33.890452,Donation,36.8
2022-11-14 13:48:33.890452,Donation,38.2
2022-11-15 13:48:33.890452,Donation,41.5
2022-11-16 13:48:33.890452,Donation,37.5
2022-11-17 13:48:33.890452,Donation,39.1
2022-11-18 13:48:33.890452,Donation,43.4
2022-11-19 13:48:33.890452,Donation,42.6
2022-11-20 13:48:33.890452,Donation,38.9
2022-11-21 13:48:33.890452,Donation,42.6
2022-11-22 13:48:33.890452,Donation,41.3
2022-11-23 13:48:33.890452,Donation,39.4
2022-11-24 13:48:33.890452,Donation,37.4
2022-11-25 13:48:33.890452,Donation,41.2
2022-11-26 13:48:33.890452,Donation,41.8
2022-11-27 13:48:33.890452,Donation,43.7
2022-11-28 13:48:33.890452,Donation,42.9
2022-11-29 13:48:33.890452,Donation,38.9
2022-11-30 13:48:33.890452,Donation,41.8
2022-12-01 13:48:33.890452,Donation,48.3
2022-12-02 13:48:33.890452,Donation,37.2
2022-12-03 13:48:33.890452,Donation,41.1
2022-12-04 13:48:33.890452,Donation,43.0
2022-12-05 13:48:33.890452,Donation,42.3
2022-12-06 13:48:33.890452,Donation,42.2
2022-12-07 13:48:33.890452,Donation,43.7
2022-12-08 13:48:33.890452,Donation,42.0
2022-12-09 13:48:33.890452,Donation,43.5
2022-12-10 13:48:33.890452,Donation,42.3
2022-12-11 13:48:33.890452,Donation,41.0
2022-12-12 13:48:33.890452,Donation,42.7
2022-12-13 13:48:33.890452,Donation,42.6
2022-12-14 13:48:33.890452,Donation,38.9
2022-12-15 13:48:33.890452,Donation,42.7
2022-12-16 13:48:33.890452,Donation,45.6
2022-12-17 13:48:33.890452,Donation,41.4
2022-12-18 13:48:33.890452,Donation,43.6
2022-12-19 13:48:33.890452,Donation,41.0
2022-12-20 13:48:33.890452,Donation,43.3
2022-12-21 13:48:33.890452,Donation,46.9
2022-12-22 13:48:33.890452,Donation,46.5
2022-12-23 13:48:33.890452,Donation,43.2
2022-12-24 13:48:33.890452,Donation,47.0
2022-12-25 13:48:33.890452,Donation,41.8
2022-12-26 13:48:33.890452,Donation,42.6
2022-12-27 13:48:33.890452,Donation,44.0
2022-12-28 13:48:33.890452,Donation,45.0
2022-12-29 13:48:33.890452,Donation,43.0
2022-12-30 13:48:33.890452,Donation,44.4
2022-12-31 13:48:33.890452,Donation,44.8
2023-01-01 13:48:33.890452,Donation,43.5
2023-01-02 13:48:33.890452,Donation,42.4
2023-01-03 13:48:33.890452,Donation,47.4
2023-01-04 13:48:33.890452,Donation,46.3
2023-01-05 13:48:33.890452,Donation,43.9
2023-01-06 13:48:33.890452,Donation,44.9
2023-01-07 13:48:33.890452,Donation,45.0
2023-01-08 13:48:33.890452,Donation,42.5
2023-01-09 13:48:33.890452,Donation,43.7
2023-01-10 13:48:33.890452,Donation,43.6
2023-01-11 13:48:33.890452,Donation,49.3
2023-01-12 13:48:33.890452,Donation,49.0
2023-01-13 13:48:33.890452,Donation,47.7
2023-01-14 13:48:33.890452,Donation,44.1
2023-01-15 13:48:33.890452,Donation,48.5
2023-01-16 13:48:33.890452,Donation,45.5
2023-01-17 13:48:33.890452,Donation,46.1
2023-01-18 13:48:33.890452,Donation,44.2
2023-01-19 13:48:33.890452,Donation,45.9
2023-01-20 13:48:33.890452,Donation,45.8
2023-01-21 13:48:33.890452,Donation,46.8
2023-01-22 13:48:33.890452,Donation,42.5
2023-01-23 13:48:33.890452,Donation,45.0
2023-01-24 13:48:33.890452,Donation,43.9
2023-01-25 13:48:33.890452,Donation,47.4
2023-01-26 13:48:33.890452,Donation,49.3
2023-01-27 13:48:33.890452,Donation,45.8
2023-01-28 13:48:33.890452,Donation,46.6
2023-01-29 13:48:33.890452,Donation,44.4
2023-01-30 13:48:33.890452,Donation,46.6
2023-01-31 13:48:33.890452,Donation,46.4
2023-02-01 13:48:33.890452,Donation,45.9
2023-02-02 13:48:33.890452,Donation,52.6
2023-02-03 13:48:33.890452,Donation,45.8
2023-02-04 13:48:33.890452,Donation,46.3
2023-02-05 13:48:33.890452,Donation,45.9
2023-02-06 13:48:33.890452,Donation,46.7
2023-02-07 13:48:33.890452,Donation,46.3
2023-02-08 13:48:33.890452,Donation,49.6
2023-02-09 13:48:33.890452,Donation,49.0
2023-02-10 13:48:33.890452,Donation,46.4
2023-02-11 13:48:33.890452,Donation,45.2
2023-02-12 13:48:33.890452,Donation,50.1
2023-02-13 13:48:33.890452,Donation,45.0
2023-02-14 13:48:33.890452,Donation,49.4
2023-02-15 13:48:33.890452,Donation,48.9
2023-02-16 13:48:33.890452,Donation,46.7
2023-02-17 13:48:33.890452,Donation,44.8
2023-02-18 13:48:33.890452,Donation,50.3
2023-02-19 13:48:33.890452,Donation,48.9
2023-02-20 13:48:33.890452,Donation,45.2
2023-02-21 13:48:33.890452,Donation,46.9
2023-02-22 13:48:33.890452,Donation,47.9
2023-02-23 13:48:33.890452,Donation,54.1
2023-02-24 13:48:33.890452,Donation,54.6
2023-02-25 13:48:33.890452,Donation,48.8
2023-02-26 13:48:33.890452,Donation,47.3
2023-02-27 13:48:33.890452,Donation,47.4
2023-02-28 13:48:33.890452,Donation,50.4
2023-03-01 13:48:33.890452,Donation,51.8
2023-03-02 13:48:33.890452,Donation,47.5
2023-03-03 13:48:33.890452,Donation,50.9
2023-03-04 13:48:33.890452,Donation,51.4
2023-03-05 13:48:33.890452,Donation,51.8
2023-03-06 13:48:33.890452,Donation,49.9
2023-03-07 13:48:33.890452,Donation,47.4
2023-03-08 13:48:33.890452,Donation,49.3
2023-03-09 13:48:33.890452,Donation,51.0
2023-03-10 13:48:33.890452,Donation,50.7
2023-03-11 13:48:33.890452,Donation,51.8
2023-03-12 13:48:33.890452,Donation,53.0
2023-03-13 13:48:33.890452,Donation,51.7
2023-03-14 13:48:33.890452,Donation,49.3
2023-03-15 13:48:33.890452,Donation,52.8
2023-03-16 13:48:33.890452,Donation,50.6
2023-03-17 13:48:33.890452,Donation,50.6
2023-03-18 13:48:33.890452,Donation,49.6
2023-03-19 13:48:33.890452,Donation,49.5
2023-03-20 13:48:33.890452,Donation,52.3
2023-03-21 13:48:33.890452,Donation,53.6
2023-03-22 13:48:33.890452,Donation,51.1
2023-03-23 13:48:33.890452,Donation,56.6
2023-03-24 13:48:33.890452,Donation,52.7
2023-03-25 13:48:33.890452,Donation,51.1
2023-03-26 13:48:33.890452,Donation,49.1
2023-03-27 13:48:33.890452,Donation,52.9
2023-03-28 13:48:33.890452,Donation,53.3
2023-03-29 13:48:33.890452,Donation,53.9
2023-03-30 13:48:33.890452,Donation,51.7
2023-03-31 13:48:33.890452,Donation,50.0
2023-04-01 13:48:33.890452,Donation,51.0
2023-04-02 13:48:33.890452,Donation,52.3
2023-04-03 13:48:33.890452,Donation,51.9
2023-04-04 13:48:33.890452,Donation,51.3
2023-04-05 13:48:33.890452,Donation,53.2
2023-04-06 13:48:33.890452,Donation,54.6
2023-04-07 13:48:33.890452,Donation,54.3
2023-04-08 13:48:33.890452,Donation,53.2
2023-04-09 13:48:33.890452,Donation,52.6
2023-04-10 13:48:33.890452,Donation,52.2
2023-04-11 13:48:33.890452,Donation,53.9
2023-04-12 13:48:33.890452,Donation,53.7
2023-04-13 13:48:33.890452,Donation,53.4
2023-04-14 13:48:33.890452,Donation,55.4
2023-04-15 13:48:33.890452,Donation,55.3
2023-04-16 13:48:33.890452,Donation,54.2
2023-04-17 13:48:33.890452,Donation,53.2
2023-04-18 13:48:33.890452,Donation,51.3
2023-04-19 13:48:33.890452,Donation,53.2
2023-04-20 13:48:33.890452,Donation,52.7
2023-04-21 13:48:33.890452,Donation,53.9
2023-04-22 13:48:33.890452,Donation,53.7
2023-04-23 13:48:33.890452,Donation,52.9
2023-04-24 13:48:33.890452,Donation,55.6
2023-04-25 13:48:33.890452,Donation,51.1
2023-04-26 13:48:33.890452,Donation,54.4
2023-04-27 13:48:33.890452,Donation,53.5
2023-04-28 13:48:33.890452,Donation,57.7
2023-04-29 13:48:33.890452,Donation,55.0
2023-04-30 13:48:33.890452,Donation,54.4
2023-05-01 13:48:33.890452,Donation,54.5
2023-05-02 13:48:33.890452,Donation,57.7
2023-05-03 13:48:33.890452,Donation,56.8
2023-05-04 13:48:33.890452,Donation,53.3
2023-05-05 13:48:33.890452,Donation,54.0
2023-05-06 13:48:33.890452,Donation,52.8
2023-05-07 13:48:33.890452,Donation,55.8
2023-05-08 13:48:33.890452,Donation,53.9
2023-05-09 13:48:33.890452,Donation,54.3
2023-05-10 13:48:33.890452,Donation,57.9
2023-05-11 13:48:33.890452,Donation,54.5
2023-05-12 13:48:33.890452,Donation,54.7
2023-05-13 13:48:33.890452,Donation,58.6
2023-05-14 13:48:33.890452,Donation,60.3
2023-05-15 13:48:33.890452,Donation,56.5
2023-05-16 13:48:33.890452,Donation,56.1
2023-05-17 13:48:33.890452,Donation,56.2
2023-05-18 13:48:33.890452,Donation,57.7
2023-05-19 13:48:33.890452,Donation,52.4
2023-05-20 13:48:33.890452,Donation,58.2
2023-05-21 13:48:33.890452,Donation,56.4
2023-05-22 13:48:33.890452,Donation,56.6
2023-05-23 13:48:33.890452,Donation,57.2
2023-05-24 13:48:33.890452,Donation,55.1
2023-05-25 13:48:33.890452,Donation,60.3
2023-05-26 13:48:33.890452,Donation,55.4
2023-05-27 13:48:33.890452,Donation,60.3
2023-05-28 13:48:33.890452,Donation,60.5
2023-05-29 13:48:33.890452,Donation,58.8
2023-05-30 13:48:33.890452,Donation,58.9
2023-05-31 13:48:33.890452,Donation,58.1
2023-06-01 13:48:33.890452,Donation,58.6
2023-06-02 13:48:33.890452,Donation,56.2
2023-06-03 13:48:33.890452,Donation,57.0
2023-06-04 13:48:33.890452,Donation,56.9
2023-06-05 13:48:33.890452,Donation,58.7
2023-06-06 13:48:33.890452,Donation,55.6
2023-06-07 13:48:33.890452,Donation,58.9
2023-06-08 13:48:33.890452,Donation,59.9
2023-06-09 13:48:33.890452,Donation,59.9
2023-06-10 13:48:33.890452,Donation,57.3
2023-06-11 13:48:33.890452,Donation,56.9
2023-06-12 13:48:33.890452,Donation,60.4
2023-06-13 13:48:33.890452,Donation,57.4
2023-06-14 13:48:33.890452,Donation,58.5
2023-06-15 13:48:33.890452,Donation,62.9
2023-06-16 13:48:33.890452,Donation,59.0
2023-06-17 13:48:33.890452,Donation,60.2
2023-06-18 13:48:33.890452,Donation,60.4
2023-06-19 13:48:33.890452,Donation,55.8
2023-06-20 13:48:33.890452,Donation,60.2
2023-06-21 13:48:33.890452,Donation,64.4
2023-06-22 13:48:33.890452,Donation,62.1
2023-06-23 13:48:33.890452,Donation,61.4
2023-06-24 13:48:33.890452,Donation,61.9
2023-06-25 13:48:33.890452,Donation,62.1
2023-06-26 13:48:33.890452,Donation,58.0
2023-06-27 13:48:33.890452,Donation,61.6
2023-06-28 13:48:33.890452,Donation,60.3
2023-06-29 13:48:33.890452,Donation,57.3
2023-06-30 13:48:33.890452,Donation,59.5
2023-07-01 13:48:33.890452,Donation,60.3
2023-07-02 13:48:33.890452,Donation,58.8
2023-07-03 13:48:33.890452,Donation,59.7
2023-07-04 13:48:33.890452,Donation,61.2
2023-07-05 13:48:33.890452,Donation,61.3
2023-07-06 13:48:33.890452,Donation,61.7
2023-07-07 13:48:33.890452,Donation,61.6
2023-07-08 13:48:33.890452,Donation,59.0
2023-07-09 13:48:33.890452,Donation,57.7
2023-07-10 13:48:33.890452,Donation,61.6
2023-07-11 13:48:33.890452,Donation,60.7
2023-07-12 13:48:33.890452,Donation,61.2
2023-07-13 13:48:33.890452,Donation,61.4
2023-07-14 13:48:33.890452,Donation,60.3
2023-07-15 13:48:33.890452,Donation,62.0
2023-07-16 13:48:33.890452,Donation,58.5
2023-07-17 13:48:33.890452,Donation,66.1
2023-07-18 13:48:33.890452,Donation,62.0
2023-07-19 13:48:33.890452,Donation,61.5
2023-07-20 13:48:33.890452,Donation,60.0
2023-07-21 13:48:33.890452,Donation,62.6
2023-07-22 13:48:33.890452,Donation,58.5
2023-07-23 13:48:33.890452,Donation,61.5
2023-07-24 13:48:33.890452,Donation,65.3
2023-07-25 13:48:33.890452,Donation,59.8
2023-07-26 13:48:33.890452,Donation,61.8
2023-07-27 13:48:33.890452,Donation,61.4
2023-07-28 13:48:33.890452,Donation,63.0
2023-07-29 13:48:33.890452,Donation,63.0
2023-07-30 13:48:33.890452,Donation,61.5
2023-07-31 13:48:33.890452,Donation,61.1
2023-08-01 13:48:33.890452,Donation,62.4
2023-08-02 13:48:33.890452,Donation,62.7
2023-08-03 13:48:33.890452,Donation,63.1
2023-08-04 13:48:33.890452,Donation,62.8
2023-08-05 13:48:33.890452,Donation,65.3
2023-08-06 13:48:33.890452,Donation,62.4
2023-08-07 13:48:33.890452,Donation,66.7
2023-08-08 13:48:33.890452,Donation,67.5
2023-08-09 13:48:33.890452,Donation,61.7
2023-08-10 13:48:33.890452,Donation,64.4
2023-08-11 13:48:33.890452,Donation,63.9
2023-08-12 13:48:33.890452,Donation,64.4
2023-08-13 13:48:33.890452,Donation,63.9
2023-08-14 13:48:33.890452,Donation,61.8
2023-08-15 13:48:33.890452,Donation,61.7
2023-08-16 13:48:33.890452,Donation,62.8
2023-08-17 13:48:33.890452,Donation,63.1
2023-08-18 13:48:33.890452,Donation,60.1
2023-08-19 13:48:33.890452,Donation,66.6
2023-08-20 13:48:33.890452,Donation,64.8
2023-08-21 13:48:33.890452,Donation,68.6
2023-08-22 13:48:33.890452,Donation,60.1
2023-08-23 13:48:33.890452,Donation,65.9
2023-08-24 13:48:33.890452,Donation,65.2
2023-08-25 13:48:33.890452,Donation,62.0
2023-08-26 13:48:33.890452,Donation,64.8
2023-08-27 13:48:33.890452,Donation,64.5
2023-08-28 13:48:33.890452,Donation,65.6
2023-08-29 13:48:33.890452,Donation,63.2
2023-08-30 13:48:33.890452,Donation,62.3
2023-08-31 13:48:33.890452,Donation,65.3
2023-09-01 13:48:33.890452,Donation,65.6
2023-09-02 13:48:33.890452,Donation,63.7
2023-09-03 13:48:33.890452,Donation,66.6
2023-09-04 13:48:33.890452,Donation,65.4
2023-09-05 13:48:33.890452,Donation,68.0
2023-09-06 13:48:33.890452,Donation,64.0
2023-09-07 13:48:33.890452,Donation,63.1
2023-09-08 13:48:33.890452,Donation,63.8
2023-09-09 13:48:33.890452,Donation,62.1
2023-09-10 13:48:33.890452,Donation,65.6
2023-09-11 13:48:33.890452,Donation,66.1
2023-09-12 13:48:33.890452,Donation,62.8
2023-09-13 13:48:33.890452,Donation,67.5
2023-09-14 13:48:33.890452,Donation,66.4
2023-09-15 13:48:33.890452,Donation,64.5
2023-09-16 13:48:33.890452,Donation,65.7
2023-09-17 13:48:33.890452,Donation,64.7
2023-09-18 13:48:33.890452,Donation,63.3
2023-09-19 13:48:33.890452,Donation,64.4
2023-09-20 13:48:33.890452,Donation,66.1
2023-09-21 13:48:33.890452,Donation,65.8
2023-09-22 13:48:33.890452,Donation,66.6
2023-09-23 13:48:33.890452,Donation,66.4
2023-09-24 13:48:33.890452,Donation,65.8
2023-09-25 13:48:33.890452,Donation,66.7
2023-09-26 13:48:33.890452,Donation,69.6
2023-09-27 13:48:33.890452,Donation,65.2
2023-09-28 13:48:33.890452,Donation,68.0
2023-09-29 13:48:33.890452,Donation,65.9
2023-09-30 13:48:33.890452,Donation,65.3
2023-10-01 13:48:33.890452,Donation,65.4
2023-10-02 13:48:33.890452,Donation,66.1
2023-10-03 13:48:33.890452,Donation,62.1
2023-10-04 13:48:33.890452,Donation,64.4
2023-10-05 13:48:33.890452,Donation,69.1
2023-10-06 13:48:33.890452,Donation,64.5
2023-10-07 13:48:33.890452,Donation,68.5
2023-10-08 13:48:33.890452,Donation,67.1
2023-10-09 13:48:33.890452,Donation,64.8
2023-10-10 13:48:33.890452,Donation,65.5
2023-10-11 13:48:33.890452,Donation,62.4
2023-10-12 13:48:33.890452,Donation,72.0
2023-10-13 13:48:33.890452,Donation,64.8
2023-10-14 13:48:33.890452,Donation,69.4
2023-10-15 13:48:33.890452,Donation,66.0
2023-10-16 13:48:33.890452,Donation,63.7
2023-10-17 13:48:33.890452,Donation,71.6
2023-10-18 13:48:33.890452,Donation,68.1
2023-10-19 13:48:33.890452,Donation,70.2
2023-10-20 13:48:33.890452,Donation,68.3
2023-10-21 13:48:33.890452,Donation,67.0
2023-10-22 13:48:33.890452,Donation,65.0
2023-10-23 13:48:33.890452,Donation,65.6
2023-10-24 13:48:33.890452,Donation,63.1
2023-10-25 13:48:33.890452,Donation,64.2
2023-10-26 13:48:33.890452,Donation,67.3
2023-10-27 13:48:33.890452,Donation,63.0
2023-10-28 13:48:33.890452,Donation,64.7
2023-10-29 13:48:33.890452,Donation,65.4
2023-10-30 13:48:33.890452,Donation,66.6
2023-10-31 13:48:33.890452,Donation,67.5
2023-11-01 13:48:33.890452,Donation,66.4
2023-11-02 13:48:33.890452,Donation,65.3
2023-11-03 13:48:33.890452,Donation,65.8
2023-11-04 13:48:33.890452,Donation,67.9
2023-11-05 13:48:33.890452,Donation,64.4
2023-11-06 13:48:33.890452,Donation,70.2
2023-11-07 13:48:33.890452,Donation,65.5
2023-11-08 13:48:33.890452,Donation,69.9
2023-11-09 13:48:33.890452,Donation,63.2
2023-11-10 13:48:33.890452,Donation,67.1
2023-11-11 13:48:33.890452,Donation,69.0
2023-11-12 13:48:33.890452,Donation,69.1
2023-11-13 13:48:33.890452,Donation,65.8
2023-11-14 13:48:33.890452,Donation,67.8
2023-11-15 13:48:33.890452,Donation,68.5
2023-11-16 13:48:33.890452,Donation,66.0
2023-11-17 13:48:33.890452,Donation,66.0
2023-11-18 13:48:33.890452,Donation,66.0
2023-11-19 13:48:33.890452,Donation,66.6
2023-11-20 13:48:33.890452,Donation,71.3
2023-11-21 13:48:33.890452,Donation,67.8
2023-11-22 13:48:33.890452,Donation,68.4
2023-11-23 13:48:33.890452,Donation,63.5
2023-11-24 13:48:33.890452,Donation,67.9
2023-11-25 13:48:33.890452,Donation,66.4
2023-11-26 13:48:33.890452,Donation,68.6
2023-11-27 13:48:33.890452,Donation,71.3
2023-11-28 13:48:33.890452,Donation,62.7
2023-11-29 13:48:33.890452,Donation,67.3
2023-11-30 13:48:33.890452,Donation,68.3
2023-12-01 13:48:33.890452,Donation,65.1
2023-12-02 13:48:33.890452,Donation,68.3
2023-12-03 13:48:33.890452,Donation,66.4
2023-12-04 13:48:33.890452,Donation,65.6
2023-12-05 13:48:33.890452,Donation,69.2
2023-12-06 13:48:33.890452,Donation,65.8
2023-12-07 13:48:33.890452,Donation,66.9
2023-12-08 13:48:33.890452,Donation,69.7
2023-12-09 13:48:33.890452,Donation,71.9
2023-12-10 13:48:33.890452,Donation,66.5
2023-12-11 13:48:33.890452,Donation,68.9
2023-12-12 13:48:33.890452,Donation,70.1
2023-12-13 13:48:33.890452,Donation,66.4
2023-12-14 13:48:33.890452,Donation,65.1
2023-12-15 13:48:33.890452,Donation,68.1
2023-12-16 13:48:33.890452,Donation,68.9
2023-12-17 13:48:33.890452,Donation,66.9
2023-12-18 13:48:33.890452,Donation,66.6
2023-12-19 13:48:33.890452,Donation,63.6
2023-12-20 13:48:33.890452,Donation,68.8
2023-12-21 13:48:33.890452,Donation,70.9
2023-12-22 13:48:33.890452,Donation,65.5
2023-12-23 13:48:33.890452,Donation,65.4
2023-12-24 13:48:33.890452,Donation,65.4
2023-12-25 13:48:33.890452,Donation,66.7
2023-12-26 13:48:33.890452,Donation,69.0
2023-12-27 13:48:33.890452,Donation,67.2
2023-12-28 13:48:33.890452,Donation,68.9
2023-12-29 13:48:33.890452,Donation,65.0
2023-12-30 13:48:33.890452,Donation,65.8
2023-12-31 13:48:33.890452,Donation,66.4
2024-01-01 13:48:33.890452,Donation,67.3
2024-01-02 13:48:33.890452,Donation,67.4
2024-01-03 13:48:33.890452,Donation,68.6
2024-01-04 13:48:33.890452,Donation,67.6
2024-01-05 13:48:33.890452,Donation,69.2
2024-01-06 13:48:33.890452,Donation,69.2
2024-01-07 13:48:33.890452,Donation,66.5
2024-01-08 13:48:33.890452,Donation,66.6
2024-01-09 13:48:33.890452,Donation,66.8
2024-01-10 13:48:33.890452,Donation,70.0
2024-01-11 13:48:33.890452,Donation,68.1
2024-01-12 13:48:33.890452,Donation,67.7
2024-01-13 13:48:33.890452,Donation,68.0
2024-01-14 13:48:33.890452,Donation,71.1
2024-01-15 13:48:33.890452,Donation,71.1
2024-01-16 13:48:33.890452,Donation,67.9
2024-01-17 13:48:33.890452,Donation,71.9
2024-01-18 13:48:33.890452,Donation,69.0
2024-01-19 13:48:33.890452,Donation,67.8
2024-01-20 13:48:33.890452,Donation,68.9
2024-01-21 13:48:33.890452,Donation,67.7
2024-01-22 13:48:33.890452,Donation,66.0
2024-01-23 13:48:33.890452,Donation,69.1
2024-01-24 13:48:33.890452,Donation,69.7
2024-01-25 13:48:33.890452,Donation,65.9
2024-01-26 13:48:33.890452,Donation,66.8
2024-01-27 13:48:33.890452,Donation,66.4
2024-01-28 13:48:33.890452,Donation,70.0
2024-01-29 13:48:33.890452,Donation,66.3
2024-01-30 13:48:33.890452,Donation,71.3
2024-01-31 13:48:33.890452,Donation,68.4
2024-02-01 13:48:33.890452,Donation,68.4
2024-02-02 13:48:33.890452,Donation,68.2
2024-02-03 13:48:33.890452,Donation,66.5
2024-02-04 13:48:33.890452,Donation,66.0
2024-02-05 13:48:33.890452,Donation,65.4
2024-02-06 13:48:33.890452,Donation,65.0
2024-02-07 13:48:33.890452,Donation,68.8
2024-02-08 13:48:33.890452,Donation,67.6
2024-02-09 13:48:33.890452,Donation,67.5
2024-02-10 13:48:33.890452,Donation,66.7
2024-02-11 13:48:33.890452,Donation,66.4
2024-02-12 13:48:33.890452,Donation,67.2
2024-02-13 13:48:33.890452,Donation,67.9
2024-02-14 13:48:33.890452,Donation,67.6
2024-02-15 13:48:33.890452,Donation,66.1
2024-02-16 13:48:33.890452,Donation,67.3
2024-02-17 13:48:33.890452,Donation,66.2
2024-02-18 13:48:33.890452,Donation,71.2
2024-02-19 13:48:33.890452,Donation,69.4
2024-02-20 13:48:33.890452,Donation,70.5
2024-02-21 13:48:33.890452,Donation,66.3
2024-02-22 13:48:33.890452,Donation,66.7
2024-02-23 13:48:33.890452,Donation,68.7
2024-02-24 13:48:33.890452,Donation,65.2
2024-02-25 13:48:33.890452,Donation,67.2
2024-02-26 13:48:33.890452,Donation,71.1
2024-02-27 13:48:33.890452,Donation,69.7
2024-02-28 13:48:33.890452,Donation,66.8
2024-02-29 13:48:33.890452,Donation,67.6
2024-03-01 13:48:33.890452,Donation,66.6
2024-03-02 13:48:33.890452,Donation,70.2
2024-03-03 13:48:33.890452,Donation,67.4
2024-03-04 13:48:33.890452,Donation,69.4
2024-03-05 13:48:33.890452,Donation,70.8
2024-03-06 13:48:33.890452,Donation,66.8
2024-03-07 13:48:33.890452,Donation,65.8
2024-03-08 13:48:33.890452,Donation,66.4
2024-03-09 13:48:33.890452,Donation,66.3
2024-03-10 13:48:33.890452,Donation,68.5
2024-03-11 13:48:33.890452,Donation,62.0
2024-03-12 13:48:33.890452,Donation,68.8
2024-03-13 13:48:33.890452,Donation,70.2
2024-03-14 13:48:33.890452,Donation,65.1
2024-03-15 13:48:33.890452,Donation,65.3
2024-03-16 13:48:33.890452,Donation,63.7
2024-03-17 13:48:33.890452,Donation,65.0
2024-03-18 13:48:33.890452,Donation,69.7
2024-03-19 13:48:33.890452,Donation,64.6
2024-03-20 13:48:33.890452,Donation,67.0
2024-03-21 13:48:33.890452,Donation,64.1
2024-03-22 13:48:33.890452,Donation,67.0
2024-03-23 13:48:33.890452,Donation,65.7
2024-03-24 13:48:33.890452,Donation,68.6
2024-03-25 13:48:33.890452,Donation,67.5
2024-03-26 13:48:33.890452,Donation,68.2
2024-03-27 13:48:33.890452,Donation,66.2
2024-03-28 13:48:33.890452,Donation,64.6
2024-03-29 13:48:33.890452,Donation,65.8
2024-03-30 13:48:33.890452,Donation,68.8
2024-03-31 13:48:33.890452,Donation,64.5
2024-04-01 13:48:33.890452,Donation,65.2
2024-04-02 13:48:33.890452,Donation,67.7
2024-04-03 13:48:33.890452,Donation,65.1
2024-04-04 13:48:33.890452,Donation,67.9
2024-04-05 13:48:33.890452,Donation,67.2
2024-04-06 13:48:33.890452,Donation,66.4
2024-04-07 13:48:33.890452,Donation,68.2
2024-04-08 13:48:33.890452,Donation,67.6
2024-04-09 13:48:33.890452,Donation,63.8
2024-04-10 13:48:33.890452,Donation,66.0
2024-04-11 13:48:33.890452,Donation,67.7
2024-04-12 13:48:33.890452,Donation,63.6
2024-04-13 13:48:33.890452,Donation,67.9
2024-04-14 13:48:33.890452,Donation,66.6
2024-04-15 13:48:33.890452,Donation,67.0
2024-04-16 13:48:33.890452,Donation,66.7
2024-04-17 13:48:33.890452,Donation,67.9
2024-04-18 13:48:33.890452,Donation,62.6
2024-04-19 13:48:33.890452,Donation,66.0
2024-04-20 13:48:33.890452,Donation,65.3
2024-04-21 13:48:33.890452,Donation,63.0
2024-04-22 13:48:33.890452,Donation,68.5
2024-04-23 13:48:33.890452,Donation,64.2
2024-04-24 13:48:33.890452,Donation,66.3
2024-04-25 13:48:33.890452,Donation,63.2
2024-04-26 13:48:33.890452,Donation,63.6
2024-04-27 13:48:33.890452,Donation,64.1
2024-04-28 13:48:33.890452,Donation,67.8
2024-04-29 13:48:33.890452,Donation,64.6
2024-04-30 13:48:33.890452,Donation,63.1
2024-05-01 13:48:33.890452,Donation,64.7
2024-05-02 13:48:33.890452,Donation,64.3
2024-05-03 13:48:33.890452,Donation,65.7
2024-05-04 13:48:33.890452,Donation,66.6
2024-05-05 13:48:33.890452,Donation,61.9
2024-05-06 13:48:33.890452,Donation,63.7
2024-05-07 13:48:33.890452,Donation,63.8
2024-05-08 13:48:33.890452,Donation,62.3
2024-05-09 13:48:33.890452,Donation,62.9
2024-05-10 13:48:33.890452,Donation,66.0
2024-05-11 13:48:33.890452,Donation,65.3
2024-05-12 13:48:33.890452,Donation,63.1
2024-05-13 13:48:33.890452,Donation,63.3
2024-05-14 13:48:33.890452,Donation,66.7
2024-05-15 13:48:33.890452,Donation,66.1
2024-05-16 13:48:33.890452,Donation,64.3
2024-05-17 13:48:33.890452,Donation,63.1
2024-05-18 13:48:33.890452,Donation,66.3
2024-05-19 13:48:33.890452,Donation,63.6
2024-05-20 13:48:33.890452,Donation,62.7
2024-05-21 13:48:33.890452,Donation,62.0
2024-05-22 13:48:33.890452,Donation,61.5
2024-05-23 13:48:33.890452,Donation,61.8
2024-05-24 13:48:33.890452,Donation,64.4
2024-05-25 13:48:33.890452,Donation,64.4
2024-05-26 13:48:33.890452,Donation,67.4
2024-05-27 13:48:33.890452,Donation,66.0
2024-05-28 13:48:33.890452,Donation,63.0
2024-05-29 13:48:33.890452,Donation,62.3
2024-05-30 13:48:33.890452,Donation,66.0
2024-05-31 13:48:33.890452,Donation,64.4
2024-06-01 13:48:33.890452,Donation,65.3
2024-06-02 13:48:33.890452,Donation,62.4
2024-06-03 13:48:33.890452,Donation,60.9
2024-06-04 13:48:33.890452,Donation,62.3
2024-06-05 13:48:33.890452,Donation,65.4
2024-06-06 13:48:33.890452,Donation,66.0
2024-06-07 13:48:33.890452,Donation,63.9
2024-06-08 13:48:33.890452,Donation,63.9
2024-06-09 13:48:33.890452,Donation,59.7
2024-06-10 13:48:33.890452,Donation,63.3
2024-06-11 13:48:33.890452,Donation,61.9
2024-06-12 13:48:33.890452,Donation,61.6
2024-06-13 13:48:33.890452,Donation,62.9
2024-06-14 13:48:33.890452,Donation,62.9
2024-06-15 13:48:33.890452,Donation,61.8
2024-06-16 13:48:33.890452,Donation,61.9
2024-06-17 13:48:33.890452,Donation,61.7
2024-06-18 13:48:33.890452,Donation,62.6
2024-06-19 13:48:33.890452,Donation,65.0
2024-06-20 13:48:33.890452,Donation,65.0
2024-06-21 13:48:33.890452,Donation,59.5
2024-06-22 13:48:33.890452,Donation,59.6
2024-06-23 13:48:33.890452,Donation,61.5
2024-06-24 13:48:33.890452,Donation,60.4
2024-06-25 13:48:33.890452,Donation,61.7
2024-06-26 13:48:33.890452,Donation,60.9
2024-06-27 13:48:33.890452,Donation,62.6
2024-06-28 13:48:33.890452,Donation,62.1
2024-06-29 13:48:33.890452,Donation,59.1
2024-06-30 13:48:33.890452,Donation,61.1
2024-07-01 13:48:33.890452,Donation,60.4
2024-07-02 13:48:33.890452,Donation,59.7
2024-07-03 13:48:33.890452,Donation,62.3
2024-07-04 13:48:33.890452,Donation,61.6
2024-07-05 13:48:33.890452,Donation,60.2
2024-07-06 13:48:33.890452,Donation,61.9
2024-07-07 13:48:33.890452,Donation,62.0
2024-07-08 13:48:33.890452,Donation,59.5
2024-07-09 13:48:33.890452,Donation,66.3
2024-07-10 13:48:33.890452,Donation,62.4
2024-07-11 13:48:33.890452,Donation,59.6
2024-07-12 13:48:33.890452,Donation,62.0
2024-07-13 13:48:33.890452,Donation,58.8
2024-07-14 13:48:33.890452,Donation,60.0
2024-07-15 13:48:33.890452,Donation,61.1
2024-07-16 13:48:33.890452,Donation,61.3
2024-07-17 13:48:33.890452,Donation,61.9
2024-07-18 13:48:33.890452,Donation,54.5
2024-07-19 13:48:33.890452,Donation,58.1
2024-07-20 13:48:33.890452,Donation,61.9
2024-07-21 13:48:33.890452,Donation,59.7
2024-07-22 13:48:33.890452,Donation,61.6
2024-07-23 13:48:33.890452,Donation,60.2
2024-07-24 13:48:33.890452,Donation,59.8
2024-07-25 13:48:33.890452,Donation,58.7
2024-07-26 13:48:33.890452,Donation,58.4
2024-07-27 13:48:33.890452,Donation,61.8
2024-07-28 13:48:33.890452,Donation,60.6
2024-07-29 13:48:33.890452,Donation,59.5
2024-07-30 13:48:33.890452,Donation,58.8
2024-07-31 13:48:33.890452,Donation,59.2
2024-08-01 13:48:33.890452,Donation,57.2
2024-08-02 13:48:33.890452,Donation,57.5
2024-08-03 13:48:33.890452,Donation,61.1
2024-08-04 13:48:33.890452,Donation,57.8
2024-08-05 13:48:33.890452,Donation,58.8
2024-08-06 13:48:33.890452,Donation,59.8
2024-08-07 13:48:33.890452,Donation,59.9
2024-08-08 13:48:33.890452,Donation,56.1
2024-08-09 13:48:33.890452,Donation,57.3
2024-08-10 13:48:33.890452,Donation,59.2
2024-08-11 13:48:33.890452,Donation,60.8
2024-08-12 13:48:33.890452,Donation,56.9
2024-08-13 13:48:33.890452,Donation,62.1
2024-08-14 13:48:33.890452,Donation,57.3
2024-08-15 13:48:33.890452,Donation,57.3
2024-08-16 13:48:33.890452,Donation,57.1
2024-08-17 13:48:33.890452,Donation,56.7
2024-08-18 13:48:33.890452,Donation,57.7
2024-08-19 13:48:33.890452,Donation,59.0
2024-08-20 13:48:33.890452,Donation,61.1
2024-08-21 13:48:33.890452,Donation,59.6
2024-08-22 13:48:33.890452,Donation,57.8
2024-08-23 13:48:33.890452,Donation,57.6
2024-08-24 13:48:33.890452,Donation,59.9
2024-08-25 13:48:33.890452,Donation,54.4
2024-08-26 13:48:33.890452,Donation,56.3
2024-08-27 13:48:33.890452,Donation,53.9
2024-08-28 13:48:33.890452,Donation,57.0
2024-08-29 13:48:33.890452,Donation,56.6
2024-08-30 13:48:33.890452,Donation,56.2
2024-08-31 13:48:33.890452,Donation,57.9
2024-09-01 13:48:33.890452,Donation,55.5
2024-09-02 13:48:33.890452,Donation,55.8
2024-09-03 13:48:33.890452,Donation,58.1
2024-09-04 13:48:33.890452,Donation,55.1
2024-09-05 13:48:33.890452,Donation,55.8
2024-09-06 13:48:33.890452,Donation,56.6
2024-09-07 13:48:33.890452,Donation,57.7
2024-09-08 13:48:33.890452,Donation,58.3
2024-09-09 13:48:33.890452,Donation,56.3
2024-09-10 13:48:33.890452,Donation,59.4
2024-09-11 13:48:33.890452,Donation,55.4
2024-09-12 13:48:33.890452,Donation,56.6
2024-09-13 13:48:33.890452,Donation,57.8
2024-09-14 13:48:33.890452,Donation,54.0
2024-09-15 13:48:33.890452,Donation,59.0
2024-09-16 13:48:33.890452,Donation,54.7
2024-09-17 13:48:33.890452,Donation,56.9
2024-09-18 13:48:33.890452,Donation,53.8
2024-09-19 13:48:33.890452,Donation,53.5
2024-09-20 13:48:33.890452,Donation,55.4
2024-09-21 13:48:33.890452,Donation,58.0
2024-09-22 13:48:33.890452,Donation,57.3
2024-09-23 13:48:33.890452,Donation,56.4
2024-09-24 13:48:33.890452,Donation,59.6
2024-09-25 13:48:33.890452,Donation,54.2
2024-09-26 13:48:33.890452,Donation,59.3
2024-09-27 13:48:33.890452,Donation,53.6
2024-09-28 13:48:33.890452,Donation,54.8
2024-09-29 13:48:33.890452,Donation,55.4
2024-09-30 13:48:33.890452,Donation,55.5
2024-10-01 13:48:33.890452,Donation,56.3
2024-10-02 13:48:33.890452,Donation,52.1
2024-10-03 13:48:33.890452,Donation,56.2
2024-10-04 13:48:33.890452,Donation,50.7
2024-10-05 13:48:33.890452,Donation,53.9
2024-10-06 13:48:33.890452,Donation,52.5
2024-10-07 13:48:33.890452,Donation,54.1
2024-10-08 13:48:33.890452,Donation,53.1
2024-10-09 13:48:33.890452,Donation,53.9
2024-10-10 13:48:33.890452,Donation,56.2
2024-10-11 13:48:33.890452,Donation,51.4
2024-10-12 13:48:33.890452,Donation,54.9
2024-10-13 13:48:33.890452,Donation,56.8
2024-10-14 13:48:33.890452,Donation,59.5
2024-10-15 13:48:33.890452,Donation,52.9
2024-10-16 13:48:33.890452,Donation,52.7
2024-10-17 13:48:33.890452,Donation,51.2
2024-10-18 13:48:33.890452,Donation,50.4
2024-10-19 13:48:33.890452,Donation,54.5
2024-10-20 13:48:33.890452,Donation,56.2
2024-10-21 13:48:33.890452,Donation,55.3
2024-10-22 13:48:33.890452,Donation,51.6
2024-10-23 13:48:33.890452,Donation,55.4
2024-10-24 13:48:33.890452,Donation,56.2
2024-10-25 13:48:33.890452,Donation,52.1
2024-10-26 13:48:33.890452,Donation,56.7
2024-10-27 13:48:33.890452,Donation,53.3
2024-10-28 13:48:33.890452,Donation,53.5
2024-10-29 13:48:33.890452,Donation,52.2
2024-10-30 13:48:33.890452,Donation,49.0
2024-10-31 13:48:33.890452,Donation,52.3
2024-11-01 13:48:33.890452,Donation,52.5
2024-11-02 13:48:33.890452,Donation,52.0
2024-11-03 13:48:33.890452,Donation,50.2
2024-11-04 13:48:33.890452,Donation,53.8
2024-11-05 13:48:33.890452,Donation,51.2
2024-11-06 13:48:33.890452,Donation,49.5
2024-11-07 13:48:33.890452,Donation,51.1
2024-11-08 13:48:33.890452,Donation,51.7
2024-11-09 13:48:33.890452,Donation,54.9
2024-11-10 13:48:33.890452,Donation,50.0
2024-11-11 13:48:33.890452,Donation,49.4
2024-11-12 13:48:33.890452,Donation,48.6
2024-11-13 13:48:33.890452,Donation,48.2
2024-11-14 13:48:33.890452,Donation,54.0
2024-11-15 13:48:33.890452,Donation,56.9
2024-11-16 13:48:33.890452,Donation,54.5
2024-11-17 13:48:33.890452,Donation,50.7
2024-11-18 13:48:33.890452,Donation,52.8
2024-11-19 13:48:33.890452,Donation,53.1
2024-11-20 13:48:33.890452,Donation,51.3
2024-11-21 13:48:33.890452,Donation,53.6
2024-11-22 13:48:33.890452,Donation,48.8
2024-11-23 13:48:33.890452,Donation,54.5
2024-11-24 13:48:33.890452,Donation,50.3
2024-11-25 13:48:33.890452,Donation,52.4
2024-11-26 13:48:33.890452,Donation,49.8
2024-11-27 13:48:33.890452,Donation,50.1
2024-11-28 13:48:33.890452,Donation,48.6
2024-11-29 13:48:33.890452,Donation,51.5
2024-11-30 13:48:33.890452,Donation,50.3
2024-12-01 13:48:33.890452,Donation,51.1
2024-12-02 13:48:33.890452,Donation,49.0
2024-12-03 13:48:33.890452,Donation,51.9
2024-12-04 13:48:33.890452,Donation,49.1
2024-12-05 13:48:33.890452,Donation,51.8
2024-12-06 13:48:33.890452,Donation,50.3
2024-12-07 13:48:33.890452,Donation,52.1
2024-12-08 13:48:33.890452,Donation,49.6
2024-12-09 13:48:33.890452,Donation,47.4
2024-12-10 13:48:33.890452,Donation,48.9
2024-12-11 13:48:33.890452,Donation,49.5
2024-12-12 13:48:33.890452,Donation,49.3
2024-12-13 13:48:33.890452,Donation,46.5
2024-12-14 13:48:33.890452,Donation,49.1
2024-12-15 13:48:33.890452,Donation,46.1
2024-12-16 13:48:33.890452,Donation,50.0
2024-12-17 13:48:33.890452,Donation,48.1
2024-12-18 13:48:33.890452,Donation,48.9
2024-12-19 13:48:33.890452,Donation,49.7
2024-12-20 13:48:33.890452,Donation,50.6
2024-12-21 13:48:33.890452,Donation,51.1
2024-12-22 13:48:33.890452,Donation,47.6
2024-12-23 13:48:33.890452,Donation,47.8
2024-12-24 13:48:33.890452,Donation,48.1
2024-12-25 13:48:33.890452,Donation,47.5
2024-12-26 13:48:33.890452,Donation,48.9
2024-12-27 13:48:33.890452,Donation,48.1
2024-12-28 13:48:33.890452,Donation,51.3
2024-12-29 13:48:33.890452,Donation,52.7
2024-12-30 13:48:33.890452,Donation,47.4
2024-12-31 13:48:33.890452,Donation,48.3
2025-01-01 13:48:33.890452,Donation,48.5
2025-01-02 13:48:33.890452,Donation,48.5
2025-01-03 13:48:33.890452,Donation,46.1
2025-01-04 13:48:33.890452,Donation,50.4
2025-01-05 13:48:33.890452,Donation,47.8
2025-01-06 13:48:33.890452,Donation,52.6
2025-01-07 13:48:33.890452,Donation,48.2
2025-01-08 13:48:33.890452,Donation,47.6
2025-01-09 13:48:33.890452,Donation,49.7
2025-01-10 13:48:33.890452,Donation,51.5
2025-01-11 13:48:33.890452,Donation,47.9
2025-01-12 13:48:33.890452,Donation,48.9
2025-01-13 13:48:33.890452,Donation,46.1
2025-01-14 13:48:33.890452,Donation,46.1
2025-01-15 13:48:33.890452,Donation,46.7
2025-01-16 13:48:33.890452,Donation,48.4
2025-01-17 13:48:33.890452,Donation,50.9
2025-01-18 13:48:33.890452,Donation,44.3
2025-01-19 13:48:33.890452,Donation,46.5
2025-01-20 13:48:33.890452,Donation,49.9
2025-01-21 13:48:33.890452,Donation,50.4
2025-01-22 13:48:33.890452,Donation,49.5
2025-01-23 13:48:33.890452,Donation,47.2
2025-01-24 13:48:33.890452,Donation,48.8
2025-01-25 13:48:33.890452,Donation,45.1
2025-01-26 13:48:33.890452,Donation,47.9
2025-01-27 13:48:33.890452,Donation,44.3
2025-01-28 13:48:33.890452,Donation,46.6
2025-01-29 13:48:33.890452,Donation,44.1
2025-01-30 13:48:33.890452,Donation,51.0
2025-01-31 13:48:33.890452,Donation,46.8
2025-02-01 13:48:33.890452,Donation,49.2
2025-02-02 13:48:33.890452,Donation,41.3
2025-02-03 13:48:33.890452,Donation,46.6
2025-02-04 13:48:33.890452,Donation,47.7
2025-02-05 13:48:33.890452,Donation,49.6
2025-02-06 13:48:33.890452,Donation,48.3
2025-02-07 13:48:33.890452,Donation,47.0
2025-02-08 13:48:33.890452,Donation,42.7
2025-02-09 13:48:33.890452,Donation,45.7
2025-02-10 13:48:33.890452,Donation,46.8
2025-02-11 13:48:33.890452,Donation,46.0
2025-02-12 13:48:33.890452,Donation,46.2
2025-02-13 13:48:33.890452,Donation,45.0
2025-02-14 13:48:33.890452,Donation,47.5
2025-02-15 13:48:33.890452,Donation,47.4
2025-02-16 13:48:33.890452,Donation,48.6
2025-02-17 13:48:33.890452,Donation,43.9
2025-02-18 13:48:33.890452,Donation,47.6
2025-02-19 13:48:33.890452,Donation,43.5
2025-02-20 13:48:33.890452,Donation,44.1
2025-02-21 13:48:33.890452,Donation,50.3
2025-02-22 13:48:33.890452,Donation,44.2
2025-02-23 13:48:33.890452,Donation,43.7
2025-02-24 13:48:33.890452,Donation,46.5
2025-02-25 13:48:33.890452,Donation,46.6
2025-02-26 13:48:33.890452,Donation,44.0
2025-02-27 13:48:33.890452,Donation,44.1
2025-02-28 13:48:33.890452,Donation,43.5
2025-03-01 13:48:33.890452,Donation,46.1
2025-03-02 13:48:33.890452,Donation,46.2
2025-03-03 13:48:33.890452,Donation,44.3
2025-03-04 13:48:33.890452,Donation,43.8
2025-03-05 13:48:33.890452,Donation,45.9
2025-03-06 13:48:33.890452,Donation,43.8
2025-03-07 13:48:33.890452,Donation,45.1
2025-03-08 13:48:33.890452,Donation,46.3
2025-03-09 13:48:33.890452,Donation,47.3
2025-03-10 13:48:33.890452,Donation,44.6
2025-03-11 13:48:33.890452,Donation,45.7
2025-03-12 13:48:33.890452,Donation,45.3
2025-03-13 13:48:33.890452,Donation,40.8
2025-03-14 13:48:33.890452,Donation,42.3
2025-03-15 13:48:33.890452,Donation,43.1
2025-03-16 13:48:33.890452,Donation,46.2
2025-03-17 13:48:33.890452,Donation,44.2
2025-03-18 13:48:33.890452,Donation,42.6
2025-03-19 13:48:33.890452,Donation,45.2
2025-03-20 13:48:33.890452,Donation,40.1
2025-03-21 13:48:33.890452,Donation,45.0
2025-03-22 13:48:33.890452,Donation,46.9
2025-03-23 13:48:33.890452,Donation,41.9
2025-03-24 13:48:33.890452,Donation,46.4
2025-03-25 13:48:33.890452,Donation,45.3
2025-03-26 13:48:33.890452,Donation,44.2
2025-03-27 13:48:33.890452,Donation,41.0
2025-03-28 13:48:33.890452,Donation,45.9
2025-03-29 13:48:33.890452,Donation,45.6
2025-03-30 13:48:33.890452,Donation,44.3
2025-03-31 13:48:33.890452,Donation,42.3
2025-04-01 13:48:33.890452,Donation,42.6
2025-04-02 13:48:33.890452,Donation,42.7
2025-04-03 13:48:33.890452,Donation,45.2
2025-04-04 13:48:33.890452,Donation,45.1
2025-04-05 13:48:33.890452,Donation,41.3
2025-04-06 13:48:33.890452,Donation,43.7
2025-04-07 13:48:33.890452,Donation,48.4
2025-04-08 13:48:33.890452,Donation,43.9
2025-04-09 13:48:33.890452,Donation,42.8
2025-04-10 13:48:33.890452,Donation,43.3
2025-04-11 13:48:33.890452,Donation,39.0
2025-04-12 13:48:33.890452,Donation,42.9
2025-04-13 13:48:33.890452,Donation,43.8
2025-04-14 13:48:33.890452,Donation,45.5
2025-04-15 13:48:33.890452,Donation,39.4
2025-04-16 13:48:33.890452,Donation,46.3
2025-04-17 13:48:33.890452,Donation,43.6
2025-04-18 13:48:33.890452,Donation,42.4
2025-04-19 13:48:33.890452,Donation,43.5
2025-04-20 13:48:33.890452,Donation,45.0
2025-04-21 13:48:33.890452,Donation,45.7
2025-04-22 13:48:33.890452,Donation,43.3
2025-04-23 13:48:33.890452,Donation,45.2
2025-04-24 13:48:33.890452,Donation,44.7
2025-04-25 13:48:33.890452,Donation,41.6
2025-04-26 13:48:33.890452,Donation,42.4
2025-04-27 13:48:33.890452,Donation,43.3
2025-04-28 13:48:33.890452,Donation,44.8
2025-04-29 13:48:33.890452,Donation,42.2
2025-04-30 13:48:33.890452,Donation,45.0
2025-05-01 13:48:33.890452,Donation,41.6
2025-05-02 13:48:33.890452,Donation,44.8
2025-05-03 13:48:33.890452,Donation,41.0
2025-05-04 13:48:33.890452,Donation,46.1
2025-05-05 13:48:33.890452,Donation,40.6
2025-05-06 13:48:33.890452,Donation,44.2
2025-05-07 13:48:33.890452,Donation,42.4
2025-05-08 13:48:33.890452,Donation,42.0
2025-05-09 13:48:33.890452,Donation,45.0
2025-05-10 13:48:33.890452,Donation,44.4
2025-05-11 13:48:33.890452,Donation,43.2
2025-05-12 13:48:33.890452,Donation,44.1
2025-05-13 13:48:33.890452,Donation,46.7
2025-05-14 13:48:33.890452,Donation,39.6
2025-05-15 13:48:33.890452,Donation,37.9
2025-05-16 13:48:33.890452,Donation,42.3
2025-05-17 13:48:33.890452,Donation,42.5
2025-05-18 13:48:33.890452,Donation,44.2
2025-05-19 13:48:33.890452,Donation,43.5
2025-05-20 13:48:33.890452,Donation,43.3
2025-05-21 13:48:33.890452,Donation,41.2
2025-05-22 13:48:33.890452,Donation,43.6
2025-05-23 13:48:33.890452,Donation,44.9
2025-05-24 13:48:33.890452,Donation,43.7
2025-05-25 13:48:33.890452,Donation,43.3
2025-05-26 13:48:33.890452,Donation,44.8
2025-05-27 13:48:33.890452,Donation,42.8
2025-05-28 13:48:33.890452,Donation,42.7
2025-05-29 13:48:33.890452,Donation,44.6
2025-05-30 13:48:33.890452,Donation,43.2
2025-05-31 13:48:33.890452,Donation,42.6
2025-06-01 13:48:33.890452,Donation,45.6
2025-06-02 13:48:33.890452,Donation,41.3
2025-06-03 13:48:33.890452,Donation,42.9
2025-06-04 13:48:33.890452,Donation,41.1
2025-06-05 13:48:33.890452,Donation,42.3
2025-06-06 13:48:33.890452,Donation,43.9
2025-06-07 13:48:33.890452,Donation,42.6
2025-06-08 13:48:33.890452,Donation,45.8
2025-06-09 13:48:33.890452,Donation,40.6
2025-06-10 13:48:33.890452,Donation,43.3
2025-06-11 13:48:33.890452,Donation,43.8
2025-06-12 13:48:33.890452,Donation,43.5
2025-06-13 13:48:33.890452,Donation,45.7
2025-06-14 13:48:33.890452,Donation,44.8
2025-06-15 13:48:33.890452,Donation,40.0
2025-06-16 13:48:33.890452,Donation,45.3
2025-06-17 13:48:33.890452,Donation,43.9
2025-06-18 13:48:33.890452,Donation,43.6
2025-06-19 13:48:33.890452,Donation,41.5
2025-06-20 13:48:33.890452,Donation,42.4
2025-06-21 13:48:33.890452,Donation,42.7
2025-06-22 13:48:33.890452,Donation,41.6
2025-06-23 13:48:33.890452,Donation,41.7
2025-06-24 13:48:33.890452,Donation,43.1
2025-06-25 13:48:33.890452,Donation,43.9
2025-06-26 13:48:33.890452,Donation,47.1
2025-06-27 13:48:33.890452,Donation,43.1
2025-06-28 13:48:33.890452,Donation,47.5
2025-06-29 13:48:33.890452,Donation,43.2
2025-06-30 13:48:33.890452,Donation,42.7
2025-07-01 13:48:33.890452,Donation,42.8
2025-07-02 13:48:33.890452,Donation,40.4
2025-07-03 13:48:33.890452,Donation,42.3
2025-07-04 13:48:33.890452,Donation,43.0
2025-07-05 13:48:33.890452,Donation,44.8
2025-07-06 13:48:33.890452,Donation,39.9
2025-07-07 13:48:33.890452,Donation,45.1
2025-07-08 13:48:33.890452,Donation,46.4
2025-07-09 13:48:33.890452,Donation,42.2
2025-07-10 13:48:33.890452,Donation,40.0
2025-07-11 13:48:33.890452,Donation,39.6
2025-07-12 13:48:33.890452,Donation,39.6
2025-07-13 13:48:33.890452,Donation,44.9
2025-07-14 13:48:33.890452,Donation,43.7
2025-07-15 13:48:33.890452,Donation,43.6
2025-07-16 13:48:33.890452,Donation,40.8
2025-07-17 13:48:33.890452,Donation,44.9
2025-07-18 13:48:33.890452,Donation,42.0
2025-07-19 13:48:33.890452,Donation,42.8
2025-07-20 13:48:33.890452,Donation,45.3
2025-07-21 13:48:33.890452,Donation,44.0
2025-07-22 13:48:33.890452,Donation,42.5
2025-07-23 13:48:33.890452,Donation,42.1
2025-07-24 13:48:33.890452,Donation,44.0
2025-07-25 13:48:33.890452,Donation,46.6
2025-07-26 13:48:33.890452,Donation,45.7
2025-07-27 13:48:33.890452,Donation,42.5
2025-07-28 13:48:33.890452,Donation,41.1
2025-07-29 13:48:33.890452,Donation,47.0
2025-07-30 13:48:33.890452,Donation,45.3
2025-07-31 13:48:33.890452,Donation,45.6
2025-08-01 13:48:33.890452,Donation,44.3
2025-08-02 13:48:33.890452,Donation,43.3
2025-08-03 13:48:33.890452,Donation,44.1
2025-08-04 13:48:33.890452,Donation,43.5
2025-08-05 13:48:33.890452,Donation,43.8
2025-08-06 13:48:33.890452,Donation,44.6
2025-08-07 13:48:33.890452,Donation,45.3
2025-08-08 13:48:33.890452,Donation,43.8
2025-08-09 13:48:33.890452,Donation,42.7
2025-08-10 13:48:33.890452,Donation,43.5
2025-08-11 13:48:33.890452,Donation,43.7
2025-08-12 13:48:33.890452,Donation,42.2
2025-08-13 13:48:33.890452,Donation,42.3
2025-08-14 13:48:33.890452,Donation,42.2
2025-08-15 13:48:33.890452,Donation,48.3
2025-08-16 13:48:33.890452,Donation,45.2
2025-08-17 13:48:33.890452,Donation,44.4
2025-08-18 13:48:33.890452,Donation,44.3
2025-08-19 13:48:33.890452,Donation,47.4
2025-08-20 13:48:33.890452,Donation,41.0
2025-08-21 13:48:33.890452,Donation,44.9
2025-08-22 13:48:33.890452,Donation,45.1
2025-08-23 13:48:33.890452,Donation,41.6
2025-08-24 13:48:33.890452,Donation,46.6
2025-08-25 13:48:33.890452,Donation,44.6
2025-08-26 13:48:33.890452,Donation,43.5
2025-08-27 13:48:33.890452,Donation,42.1
2025-08-28 13:48:33.890452,Donation,43.6
2025-08-29 13:48:33.890452,Donation,44.8
2025-08-30 13:48:33.890452,Donation,45.5
2025-08-31 13:48:33.890452,Donation,43.3
2025-09-01 13:48:33.890452,Donation,47.6
2025-09-02 13:48:33.890452,Donation,45.9
2025-09-03 13:48:33.890452,Donation,46.0
2025-09-04 13:48:33.890452,Donation,45.6
2025-09-05 13:48:33.890452,Donation,43.1
2025-09-06 13:48:33.890452,Donation,40.0
2025-09-07 13:48:33.890452,Donation,45.0
2025-09-08 13:48:33.890452,Donation,42.5
2025-09-09 13:48:33.890452,Donation,45.5
2025-09-10 13:48:33.890452,Donation,46.4
2025-09-11 13:48:33.890452,Donation,40.7
2025-09-12 13:48:33.890452,Donation,45.0
2025-09-13 13:48:33.890452,Donation,46.5
2025-09-14 13:48:33.890452,Donation,48.6
2025-09-15 13:48:33.890452,Donation,45.6
2025-09-16 13:48:33.890452,Donation,46.8
2025-09-17 13:48:33.890452,Donation,44.0
2025-09-18 13:48:33.890452,Donation,50.1
2025-09-19 13:48:33.890452,Donation,43.7
2025-09-20 13:48:33.890452,Donation,40.1
2025-09-21 13:48:33.890452,Donation,46.9
2025-09-22 13:48:33.890452,Donation,44.9
2025-09-23 13:48:33.890452,Donation,48.9
2025-09-24 13:48:33.890452,Donation,42.9
2025-09-25 13:48:33.890452,Donation,44.3
2025-09-26 13:48:33.890452,Donation,46.2
2025-09-27 13:48:33.890452,Donation,47.1
2025-09-28 13:48:33.890452,Donation,46.6
2025-09-29 13:48:33.890452,Donation,45.6
2025-09-30 13:48:33.890452,Donation,46.4
2025-10-01 13:48:33.890452,Donation,43.2
2025-10-02 13:48:33.890452,Donation,44.0
2025-10-03 13:48:33.890452,Donation,40.7
2025-10-04 13:48:33.890452,Donation,46.6
2025-10-05 13:48:33.890452,Donation,44.3
2025-10-06 13:48:33.890452,Donation,43.3
2025-10-07 13:48:33.890452,Donation,40.8
2025-10-08 13:48:33.890452,Donation,46.4
2025-10-09 13:48:33.890452,Donation,43.5
2025-10-10 13:48:33.890452,Donation,42.6
2025-10-11 13:48:33.890452,Donation,44.9
2025-10-12 13:48:33.890452,Donation,47.4
2025-10-13 13:48:33.890452,Donation,50.0
2025-10-14 13:48:33.890452,Donation,46.4
2025-10-15 13:48:33.890452,Donation,47.3
2025-10-16 13:48:33.890452,Donation,47.6
2025-10-17 13:48:33.890452,Donation,47.4
2025-10-18 13:48:33.890452,Donation,47.4
2025-10-19 13:48:33.890452,Donation,47.5
2025-10-20 13:48:33.890452,Donation,48.0
2025-10-21 13:48:33.890452,Donation,43.8
2025-10-22 13:48:33.890452,Donation,47.4
2025-10-23 13:48:33.890452,Donation,47.8
2025-10-24 13:48:33.890452,Donation,46.6
2025-10-25 13:48:33.890452,Donation,45.3
2025-10-26 13:48:33.890452,Donation,45.3
2025-10-27 13:48:33.890452,Donation,44.0
2025-10-28 13:48:33.890452,Donation,43.6
2025-10-29 13:48:33.890452,Donation,50.1
2025-10-30 13:48:33.890452,Donation,51.1
2025-10-31 13:48:33.890452,Donation,44.6
2025-11-01 13:48:33.890452,Donation,48.1
2025-11-02 13:48:33.890452,Donation,48.1
2025-11-03 13:48:33.890452,Donation,48.7
2025-11-04 13:48:33.890452,Donation,47.6
2025-11-05 13:48:33.890452,Donation,50.5
2025-11-06 13:48:33.890452,Donation,48.3
2025-11-07 13:48:33.890452,Donation,50.2
2025-11-08 13:48:33.890452,Donation,48.6
2025-11-09 13:48:33.890452,Donation,46.5
2025-11-10 13:48:33.890452,Donation,49.2
2025-11-11 13:48:33.890452,Donation,44.0
2025-11-12 13:48:33.890452,Donation,50.5
2025-11-13 13:48:33.890452,Donation,49.0
2025-11-14 13:48:33.890452,Donation,47.7
2025-11-15 13:48:33.890452,Donation,46.7
2025-11-16 13:48:33.890452,Donation,49.2
2025-11-17 13:48:33.890452,Donation,46.7
2025-11-18 13:48:33.890452,Donation,46.5
2025-11-19 13:48:33.890452,Donation,46.0
2025-11-20 13:48:33.890452,Donation,47.2
2025-11-21 13:48:33.890452,Donation,48.8
2025-11-22 13:48:33.890452,Donation,52.4
2025-11-23 13:48:33.890452,Donation,46.8
2025-11-24 13:48:33.890452,Donation,56.2
2025-11-25 13:48:33.890452,Donation,50.4
2025-11-26 13:48:33.890452,Donation,47.9
2025-11-27 13:48:33.890452,Donation,50.3
2025-11-28 13:48:33.890452,Donation,50.0
2025-11-29 13:48:33.890452,Donation,47.6
2025-11-30 13:48:33.890452,Donation,48.9
2025-12-01 13:48:33.890452,Donation,51.8
2025-12-02 13:48:33.890452,Donation,49.7
2025-12-03 13:48:33.890452,Donation,48.7
2025-12-04 13:48:33.890452,Donation,50.0
2025-12-05 13:48:33.890452,Donation,53.2
2025-12-06 13:48:33.890452,Donation,48.0
2025-12-07 13:48:33.890452,Donation,50.5
2025-12-08 13:48:33.890452,Donation,47.6
2025-12-09 13:48:33.890452,Donation,46.1
2025-12-10 13:48:33.890452,Donation,51.3
2025-12-11 13:48:33.890452,Donation,52.5
2025-12-12 13:48:33.890452,Donation,53.9
2025-12-13 13:48:33.890452,Donation,52.0
2025-12-14 13:48:33.890452,Donation,50.2
2025-12-15 13:48:33.890452,Donation,48.2
2025-12-16 13:48:33.890452,Donation,51.5
2025-12-17 13:48:33.890452,Donation,50.9
2025-12-18 13:48:33.890452,Donation,50.2
2025-12-19 13:48:33.890452,Donation,51.2
2025-12-20 13:48:33.890452,Donation,50.6
2025-12-21 13:48:33.890452,Donation,53.7
2025-12-22 13:48:33.890452,Donation,49.0
2025-12-23 13:48:33.890452,Donation,53.6
2025-12-24 13:48:33.890452,Donation,49.9
2025-12-25 13:48:33.890452,Donation,55.0
2025-12-26 13:48:33.890452,Donation,52.1
2025-12-27 13:48:33.890452,Donation,55.9
2025-12-28 13:48:33.890452,Donation,50.5
2025-12-29 13:48:33.890452,Donation,50.9
2025-12-30 13:48:33.890452,Donation,52.5
2025-12-31 13:48:33.890452,Donation,55.0
2026-01-01 13:48:33.890452,Donation,56.3
2026-01-02 13:48:33.890452,Donation,51.2
2026-01-03 13:48:33.890452,Donation,53.1
2026-01-04 13:48:33.890452,Donation,52.2
2026-01-05 13:48:33.890452,Donation,49.6
2026-01-06 13:48:33.890452,Donation,53.1
2026-01-07 13:48:33.890452,Donation,52.3
2026-01-08 13:48:33.890452,Donation,56.9
2026-01-09 13:48:33.890452,Donation,51.4
2026-01-10 13:48:33.890452,Donation,54.1
2026-01-11 13:48:33.890452,Donation,54.7
2026-01-12 13:48:33.890452,Donation,52.4
2026-01-13 13:48:33.890452,Donation,53.1
2026-01-14 13:48:33.890452,Donation,52.9
2026-01-15 13:48:33.890452,Donation,54.9
2026-01-16 13:48:33.890452,Donation,54.1
2026-01-17 13:48:33.890452,Donation,51.3
2026-01-18 13:48:33.890452,Donation,52.3
2026-01-19 13:48:33.890452,Donation,53.7
2026-01-20 13:48:33.890452,Donation,56.3
2026-01-21 13:48:33.890452,Donation,53.2
2026-01-22 13:48:33.890452,Donation,51.5
2026-01-23 13:48:33.890452,Donation,56.7
2026-01-24 13:48:33.890452,Donation,56.3
2026-01-25 13:48:33.890452,Donation,54.9
2026-01-26 13:48:33.890452,Donation,53.1
2026-01-27 13:48:33.890452,Donation,58.3
2026-01-28 13:48:33.890452,Donation,56.3
2026-01-29 13:48:33.890452,Donation,52.9
2026-01-30 13:48:33.890452,Donation,56.4
