date,channel,saturation_point_daily,current_marginal_roas,recommendation
2025-11-01 23:08:59.491571,google_search,8915,2.38,scale
2025-11-01 23:08:59.491571,meta_ads,9418,1.8,scale
2025-11-01 23:08:59.491571,podcast,4409,2.23,scale
2025-11-01 23:08:59.491571,affiliate,4580,2.61,scale
2025-11-01 23:08:59.491571,google_pmax,6474,1.26,maintain
2025-11-01 23:08:59.491571,tiktok_ads,3133,1.29,maintain
2025-11-01 23:08:59.491571,google_youtube,6243,1.22,maintain
2025-11-01 23:08:59.491571,tv,13826,0.98,maintain
2025-11-01 23:08:59.491571,events,8512,1.03,maintain
2025-11-01 23:08:59.491571,radio,4900,0.91,maintain
2025-11-01 23:08:59.491571,google_display,3532,0.61,reduce
2025-11-01 23:08:59.491571,linkedin_ads,2252,0.71,reduce
2025-11-01 23:08:59.491571,ooh,6849,0.39,reduce
2025-11-01 23:08:59.491571,programmatic,6550,0.63,reduce
2025-11-01 23:08:59.491571,direct_mail,5238,0.94,maintain
2025-11-02 23:08:59.491571,google_search,8927,2.2,scale
2025-11-02 23:08:59.491571,meta_ads,9441,1.93,scale
2025-11-02 23:08:59.491571,podcast,4417,2.17,scale
2025-11-02 23:08:59.491571,affiliate,4570,2.62,scale
2025-11-02 23:08:59.491571,google_pmax,6457,1.22,maintain
2025-11-02 23:08:59.491571,tiktok_ads,3140,1.12,maintain
2025-11-02 23:08:59.491571,google_youtube,6229,1.06,maintain
2025-11-02 23:08:59.491571,tv,13858,1.01,maintain
2025-11-02 23:08:59.491571,events,8509,0.97,maintain
2025-11-02 23:08:59.491571,radio,4913,1.03,maintain
2025-11-02 23:08:59.491571,google_display,3526,0.58,reduce
2025-11-02 23:08:59.491571,linkedin_ads,2255,0.75,reduce
2025-11-02 23:08:59.491571,ooh,6855,0.45,reduce
2025-11-02 23:08:59.491571,programmatic,6534,0.65,reduce
2025-11-02 23:08:59.491571,direct_mail,5230,0.89,reduce
2025-11-03 23:08:59.491571,google_search,8940,2.18,scale
2025-11-03 23:08:59.491571,meta_ads,9464,1.71,scale
2025-11-03 23:08:59.491571,podcast,4424,2.15,scale
2025-11-03 23:08:59.491571,affiliate,4560,2.77,scale
2025-11-03 23:08:59.491571,google_pmax,6441,1.38,maintain
2025-11-03 23:08:59.491571,tiktok_ads,3147,1.35,maintain
2025-11-03 23:08:59.491571,google_youtube,6214,1.13,maintain
2025-11-03 23:08:59.491571,tv,13891,0.81,reduce
2025-11-03 23:08:59.491571,events,8506,0.98,maintain
2025-11-03 23:08:59.491571,radio,4925,0.99,maintain
2025-11-03 23:08:59.491571,google_display,3520,0.85,reduce
2025-11-03 23:08:59.491571,linkedin_ads,2257,0.74,reduce
2025-11-03 23:08:59.491571,ooh,6861,0.62,reduce
2025-11-03 23:08:59.491571,programmatic,6519,0.68,reduce
2025-11-03 23:08:59.491571,direct_mail,5222,0.84,reduce
2025-11-04 23:08:59.491571,google_search,8952,2.29,scale
2025-11-04 23:08:59.491571,meta_ads,9488,1.83,scale
2025-11-04 23:08:59.491571,podcast,4431,2.0,scale
2025-11-04 23:08:59.491571,affiliate,4550,2.71,scale
2025-11-04 23:08:59.491571,google_pmax,6425,1.28,maintain
2025-11-04 23:08:59.491571,tiktok_ads,3154,1.47,maintain
2025-11-04 23:08:59.491571,google_youtube,6200,0.95,maintain
2025-11-04 23:08:59.491571,tv,13923,1.05,maintain
2025-11-04 23:08:59.491571,events,8504,0.93,maintain
2025-11-04 23:08:59.491571,radio,4938,0.88,reduce
2025-11-04 23:08:59.491571,google_display,3514,0.79,reduce
2025-11-04 23:08:59.491571,linkedin_ads,2260,0.75,reduce
2025-11-04 23:08:59.491571,ooh,6867,0.59,reduce
2025-11-04 23:08:59.491571,programmatic,6503,0.68,reduce
2025-11-04 23:08:59.491571,direct_mail,5215,1.06,maintain
2025-11-05 23:08:59.491571,google_search,8964,2.33,scale
2025-11-05 23:08:59.491571,meta_ads,9511,1.8,scale
2025-11-05 23:08:59.491571,podcast,4438,2.1,scale
2025-11-05 23:08:59.491571,affiliate,4540,2.84,scale
2025-11-05 23:08:59.491571,google_pmax,6409,1.23,maintain
2025-11-05 23:08:59.491571,tiktok_ads,3161,1.31,maintain
2025-11-05 23:08:59.491571,google_youtube,6185,1.09,maintain
2025-11-05 23:08:59.491571,tv,13957,0.79,reduce
2025-11-05 23:08:59.491571,events,8502,1.01,maintain
2025-11-05 23:08:59.491571,radio,4950,0.84,reduce
2025-11-05 23:08:59.491571,google_display,3508,0.69,reduce
2025-11-05 23:08:59.491571,linkedin_ads,2262,0.76,reduce
2025-11-05 23:08:59.491571,ooh,6874,0.45,reduce
2025-11-05 23:08:59.491571,programmatic,6488,0.74,reduce
2025-11-05 23:08:59.491571,direct_mail,5208,0.77,reduce
2025-11-06 23:08:59.491571,google_search,8976,2.38,scale
2025-11-06 23:08:59.491571,meta_ads,9535,1.87,scale
2025-11-06 23:08:59.491571,podcast,4445,1.94,scale
2025-11-06 23:08:59.491571,affiliate,4530,2.95,scale
2025-11-06 23:08:59.491571,google_pmax,6393,1.28,maintain
2025-11-06 23:08:59.491571,tiktok_ads,3168,1.31,maintain
2025-11-06 23:08:59.491571,google_youtube,6170,1.0,maintain
2025-11-06 23:08:59.491571,tv,13990,0.94,maintain
2025-11-06 23:08:59.491571,events,8501,0.99,maintain
2025-11-06 23:08:59.491571,radio,4962,0.99,maintain
2025-11-06 23:08:59.491571,google_display,3502,0.66,reduce
2025-11-06 23:08:59.491571,linkedin_ads,2265,0.74,reduce
2025-11-06 23:08:59.491571,ooh,6881,0.46,reduce
2025-11-06 23:08:59.491571,programmatic,6472,0.44,reduce
2025-11-06 23:08:59.491571,direct_mail,5201,0.87,reduce
2025-11-07 23:08:59.491571,google_search,8987,2.09,scale
2025-11-07 23:08:59.491571,meta_ads,9559,1.85,scale
2025-11-07 23:08:59.491571,podcast,4451,2.0,scale
2025-11-07 23:08:59.491571,affiliate,4520,2.75,scale
2025-11-07 23:08:59.491571,google_pmax,6376,1.39,maintain
2025-11-07 23:08:59.491571,tiktok_ads,3175,1.32,maintain
2025-11-07 23:08:59.491571,google_youtube,6156,1.2,maintain
2025-11-07 23:08:59.491571,tv,14024,0.92,maintain
2025-11-07 23:08:59.491571,events,8500,1.14,maintain
2025-11-07 23:08:59.491571,radio,4975,0.95,maintain
2025-11-07 23:08:59.491571,google_display,3497,0.62,reduce
2025-11-07 23:08:59.491571,linkedin_ads,2267,0.75,reduce
2025-11-07 23:08:59.491571,ooh,6889,0.45,reduce
2025-11-07 23:08:59.491571,programmatic,6457,0.51,reduce
2025-11-07 23:08:59.491571,direct_mail,5194,0.85,reduce
2025-11-08 23:08:59.491571,google_search,8999,2.28,scale
2025-11-08 23:08:59.491571,meta_ads,9583,1.93,scale
2025-11-08 23:08:59.491571,podcast,4458,1.92,scale
2025-11-08 23:08:59.491571,affiliate,4511,2.73,scale
2025-11-08 23:08:59.491571,google_pmax,6360,1.33,maintain
2025-11-08 23:08:59.491571,tiktok_ads,3182,1.42,maintain
2025-11-08 23:08:59.491571,google_youtube,6141,1.22,maintain
2025-11-08 23:08:59.491571,tv,14057,0.96,maintain
2025-11-08 23:08:59.491571,events,8500,0.99,maintain
2025-11-08 23:08:59.491571,radio,4987,1.03,maintain
2025-11-08 23:08:59.491571,google_display,3491,0.69,reduce
2025-11-08 23:08:59.491571,linkedin_ads,2269,0.66,reduce
2025-11-08 23:08:59.491571,ooh,6896,0.52,reduce
2025-11-08 23:08:59.491571,programmatic,6443,0.51,reduce
2025-11-08 23:08:59.491571,direct_mail,5187,0.83,reduce
2025-11-09 23:08:59.491571,google_search,9010,2.24,scale
2025-11-09 23:08:59.491571,meta_ads,9607,1.93,scale
2025-11-09 23:08:59.491571,podcast,4464,1.82,scale
2025-11-09 23:08:59.491571,affiliate,4501,2.76,scale
2025-11-09 23:08:59.491571,google_pmax,6344,1.28,maintain
2025-11-09 23:08:59.491571,tiktok_ads,3189,1.29,maintain
2025-11-09 23:08:59.491571,google_youtube,6126,1.13,maintain
2025-11-09 23:08:59.491571,tv,14092,1.0,maintain
2025-11-09 23:08:59.491571,events,8500,1.05,maintain
2025-11-09 23:08:59.491571,radio,5000,0.77,reduce
2025-11-09 23:08:59.491571,google_display,3486,0.79,reduce
2025-11-09 23:08:59.491571,linkedin_ads,2271,0.63,reduce
2025-11-09 23:08:59.491571,ooh,6904,0.53,reduce
2025-11-09 23:08:59.491571,programmatic,6428,0.61,reduce
2025-11-09 23:08:59.491571,direct_mail,5181,0.81,reduce
2025-11-10 23:08:59.491571,google_search,9020,2.34,scale
2025-11-10 23:08:59.491571,meta_ads,9631,1.8,scale
2025-11-10 23:08:59.491571,podcast,4470,1.92,scale
2025-11-10 23:08:59.491571,affiliate,4492,2.82,scale
2025-11-10 23:08:59.491571,google_pmax,6328,1.21,maintain
2025-11-10 23:08:59.491571,tiktok_ads,3196,1.37,maintain
2025-11-10 23:08:59.491571,google_youtube,6111,1.08,maintain
2025-11-10 23:08:59.491571,tv,14126,0.99,maintain
2025-11-10 23:08:59.491571,events,8500,1.0,maintain
2025-11-10 23:08:59.491571,radio,5012,1.02,maintain
2025-11-10 23:08:59.491571,google_display,3481,0.57,reduce
2025-11-10 23:08:59.491571,linkedin_ads,2273,0.63,reduce
2025-11-10 23:08:59.491571,ooh,6913,0.47,reduce
2025-11-10 23:08:59.491571,programmatic,6413,0.69,reduce
2025-11-10 23:08:59.491571,direct_mail,5175,0.87,reduce
2025-11-11 23:08:59.491571,google_search,9031,2.38,scale
2025-11-11 23:08:59.491571,meta_ads,9655,1.84,scale
2025-11-11 23:08:59.491571,podcast,4476,2.04,scale
2025-11-11 23:08:59.491571,affiliate,4483,2.71,scale
2025-11-11 23:08:59.491571,google_pmax,6312,1.26,maintain
2025-11-11 23:08:59.491571,tiktok_ads,3202,1.5,maintain
2025-11-11 23:08:59.491571,google_youtube,6096,1.22,maintain
2025-11-11 23:08:59.491571,tv,14161,1.0,maintain
2025-11-11 23:08:59.491571,events,8501,1.1,maintain
2025-11-11 23:08:59.491571,radio,5025,0.9,reduce
2025-11-11 23:08:59.491571,google_display,3476,0.64,reduce
2025-11-11 23:08:59.491571,linkedin_ads,2275,0.64,reduce
2025-11-11 23:08:59.491571,ooh,6921,0.5,reduce
2025-11-11 23:08:59.491571,programmatic,6399,0.5,reduce
2025-11-11 23:08:59.491571,direct_mail,5169,0.93,maintain
2025-11-12 23:08:59.491571,google_search,9041,2.22,scale
2025-11-12 23:08:59.491571,meta_ads,9680,1.84,scale
2025-11-12 23:08:59.491571,podcast,4482,2.14,scale
2025-11-12 23:08:59.491571,affiliate,4474,2.56,scale
2025-11-12 23:08:59.491571,google_pmax,6296,1.44,maintain
2025-11-12 23:08:59.491571,tiktok_ads,3209,1.44,maintain
2025-11-12 23:08:59.491571,google_youtube,6081,0.94,maintain
2025-11-12 23:08:59.491571,tv,14196,0.98,maintain
2025-11-12 23:08:59.491571,events,8502,1.0,maintain
2025-11-12 23:08:59.491571,radio,5037,0.96,maintain
2025-11-12 23:08:59.491571,google_display,3471,0.75,reduce
2025-11-12 23:08:59.491571,linkedin_ads,2277,0.75,reduce
2025-11-12 23:08:59.491571,ooh,6930,0.49,reduce
2025-11-12 23:08:59.491571,programmatic,6384,0.56,reduce
2025-11-12 23:08:59.491571,direct_mail,5163,0.86,reduce
2025-11-13 23:08:59.491571,google_search,9051,2.43,scale
2025-11-13 23:08:59.491571,meta_ads,9704,1.72,scale
2025-11-13 23:08:59.491571,podcast,4488,2.1,scale
2025-11-13 23:08:59.491571,affiliate,4465,2.73,scale
2025-11-13 23:08:59.491571,google_pmax,6280,1.33,maintain
2025-11-13 23:08:59.491571,tiktok_ads,3216,1.4,maintain
2025-11-13 23:08:59.491571,google_youtube,6066,0.96,maintain
2025-11-13 23:08:59.491571,tv,14231,0.98,maintain
2025-11-13 23:08:59.491571,events,8503,1.02,maintain
2025-11-13 23:08:59.491571,radio,5050,1.09,maintain
2025-11-13 23:08:59.491571,google_display,3466,0.57,reduce
2025-11-13 23:08:59.491571,linkedin_ads,2279,0.79,reduce
2025-11-13 23:08:59.491571,ooh,6939,0.66,reduce
2025-11-13 23:08:59.491571,programmatic,6370,0.49,reduce
2025-11-13 23:08:59.491571,direct_mail,5158,0.76,reduce
2025-11-14 23:08:59.491571,google_search,9060,2.26,scale
2025-11-14 23:08:59.491571,meta_ads,9729,1.84,scale
2025-11-14 23:08:59.491571,podcast,4494,2.13,scale
2025-11-14 23:08:59.491571,affiliate,4456,2.68,scale
2025-11-14 23:08:59.491571,google_pmax,6265,1.39,maintain
2025-11-14 23:08:59.491571,tiktok_ads,3222,1.39,maintain
2025-11-14 23:08:59.491571,google_youtube,6051,0.96,maintain
2025-11-14 23:08:59.491571,tv,14266,1.06,maintain
2025-11-14 23:08:59.491571,events,8505,0.82,reduce
2025-11-14 23:08:59.491571,radio,5062,0.95,maintain
2025-11-14 23:08:59.491571,google_display,3462,0.91,maintain
2025-11-14 23:08:59.491571,linkedin_ads,2281,0.7,reduce
2025-11-14 23:08:59.491571,ooh,6949,0.37,reduce
2025-11-14 23:08:59.491571,programmatic,6356,0.51,reduce
2025-11-14 23:08:59.491571,direct_mail,5153,0.86,reduce
2025-11-15 23:08:59.491571,google_search,9069,2.31,scale
2025-11-15 23:08:59.491571,meta_ads,9753,1.9,scale
2025-11-15 23:08:59.491571,podcast,4500,2.0,scale
2025-11-15 23:08:59.491571,affiliate,4448,2.86,scale
2025-11-15 23:08:59.491571,google_pmax,6249,1.28,maintain
2025-11-15 23:08:59.491571,tiktok_ads,3229,1.54,scale
2025-11-15 23:08:59.491571,google_youtube,6036,1.05,maintain
2025-11-15 23:08:59.491571,tv,14302,1.08,maintain
2025-11-15 23:08:59.491571,events,8508,0.98,maintain
2025-11-15 23:08:59.491571,radio,5075,0.98,maintain
2025-11-15 23:08:59.491571,google_display,3458,0.59,reduce
2025-11-15 23:08:59.491571,linkedin_ads,2283,0.62,reduce
2025-11-15 23:08:59.491571,ooh,6959,0.52,reduce
2025-11-15 23:08:59.491571,programmatic,6343,0.47,reduce
2025-11-15 23:08:59.491571,direct_mail,5148,0.79,reduce
2025-11-16 23:08:59.491571,google_search,9078,2.24,scale
2025-11-16 23:08:59.491571,meta_ads,9778,1.91,scale
2025-11-16 23:08:59.491571,podcast,4505,2.04,scale
2025-11-16 23:08:59.491571,affiliate,4440,2.71,scale
2025-11-16 23:08:59.491571,google_pmax,6233,1.26,maintain
2025-11-16 23:08:59.491571,tiktok_ads,3235,1.34,maintain
2025-11-16 23:08:59.491571,google_youtube,6021,0.98,maintain
2025-11-16 23:08:59.491571,tv,14337,1.01,maintain
2025-11-16 23:08:59.491571,events,8511,0.94,maintain
2025-11-16 23:08:59.491571,radio,5087,1.04,maintain
2025-11-16 23:08:59.491571,google_display,3453,0.74,reduce
2025-11-16 23:08:59.491571,linkedin_ads,2284,0.75,reduce
2025-11-16 23:08:59.491571,ooh,6969,0.6,reduce
2025-11-16 23:08:59.491571,programmatic,6329,0.5,reduce
2025-11-16 23:08:59.491571,direct_mail,5143,0.91,maintain
2025-11-17 23:08:59.491571,google_search,9087,2.25,scale
2025-11-17 23:08:59.491571,meta_ads,9803,2.05,scale
2025-11-17 23:08:59.491571,podcast,4510,2.25,scale
2025-11-17 23:08:59.491571,affiliate,4431,2.72,scale
2025-11-17 23:08:59.491571,google_pmax,6218,1.29,maintain
2025-11-17 23:08:59.491571,tiktok_ads,3241,1.6,scale
2025-11-17 23:08:59.491571,google_youtube,6006,1.08,maintain
2025-11-17 23:08:59.491571,tv,14373,0.93,maintain
2025-11-17 23:08:59.491571,events,8514,1.07,maintain
2025-11-17 23:08:59.491571,radio,5100,0.96,maintain
2025-11-17 23:08:59.491571,google_display,3449,0.67,reduce
2025-11-17 23:08:59.491571,linkedin_ads,2286,0.63,reduce
2025-11-17 23:08:59.491571,ooh,6979,0.32,reduce
2025-11-17 23:08:59.491571,programmatic,6316,0.52,reduce
2025-11-17 23:08:59.491571,direct_mail,5138,0.93,maintain
2025-11-18 23:08:59.491571,google_search,9095,2.28,scale
2025-11-18 23:08:59.491571,meta_ads,9828,1.97,scale
2025-11-18 23:08:59.491571,podcast,4516,2.03,scale
2025-11-18 23:08:59.491571,affiliate,4423,2.63,scale
2025-11-18 23:08:59.491571,google_pmax,6202,1.25,maintain
2025-11-18 23:08:59.491571,tiktok_ads,3248,1.49,maintain
2025-11-18 23:08:59.491571,google_youtube,5991,1.15,maintain
2025-11-18 23:08:59.491571,tv,14409,0.92,maintain
2025-11-18 23:08:59.491571,events,8517,1.11,maintain
2025-11-18 23:08:59.491571,radio,5112,1.11,maintain
2025-11-18 23:08:59.491571,google_display,3445,0.65,reduce
2025-11-18 23:08:59.491571,linkedin_ads,2287,0.8,reduce
2025-11-18 23:08:59.491571,ooh,6990,0.37,reduce
2025-11-18 23:08:59.491571,programmatic,6303,0.59,reduce
2025-11-18 23:08:59.491571,direct_mail,5134,0.94,maintain
2025-11-19 23:08:59.491571,google_search,9103,2.36,scale
2025-11-19 23:08:59.491571,meta_ads,9852,1.86,scale
2025-11-19 23:08:59.491571,podcast,4521,1.86,scale
2025-11-19 23:08:59.491571,affiliate,4415,2.66,scale
2025-11-19 23:08:59.491571,google_pmax,6187,1.2,maintain
2025-11-19 23:08:59.491571,tiktok_ads,3254,1.42,maintain
2025-11-19 23:08:59.491571,google_youtube,5976,1.1,maintain
2025-11-19 23:08:59.491571,tv,14446,0.95,maintain
2025-11-19 23:08:59.491571,events,8522,0.94,maintain
2025-11-19 23:08:59.491571,radio,5124,0.87,reduce
2025-11-19 23:08:59.491571,google_display,3442,0.59,reduce
2025-11-19 23:08:59.491571,linkedin_ads,2289,0.79,reduce
2025-11-19 23:08:59.491571,ooh,7001,0.4,reduce
2025-11-19 23:08:59.491571,programmatic,6290,0.46,reduce
2025-11-19 23:08:59.491571,direct_mail,5130,0.81,reduce
2025-11-20 23:08:59.491571,google_search,9111,2.32,scale
2025-11-20 23:08:59.491571,meta_ads,9877,1.9,scale
2025-11-20 23:08:59.491571,podcast,4525,1.85,scale
2025-11-20 23:08:59.491571,affiliate,4408,2.8,scale
2025-11-20 23:08:59.491571,google_pmax,6171,1.36,maintain
2025-11-20 23:08:59.491571,tiktok_ads,3260,1.42,maintain
2025-11-20 23:08:59.491571,google_youtube,5961,1.01,maintain
2025-11-20 23:08:59.491571,tv,14482,0.95,maintain
2025-11-20 23:08:59.491571,events,8526,0.94,maintain
2025-11-20 23:08:59.491571,radio,5137,0.97,maintain
2025-11-20 23:08:59.491571,google_display,3438,0.49,reduce
2025-11-20 23:08:59.491571,linkedin_ads,2290,0.61,reduce
2025-11-20 23:08:59.491571,ooh,7012,0.57,reduce
2025-11-20 23:08:59.491571,programmatic,6277,0.43,reduce
2025-11-20 23:08:59.491571,direct_mail,5126,0.95,maintain
2025-11-21 23:08:59.491571,google_search,9118,2.33,scale
2025-11-21 23:08:59.491571,meta_ads,9902,1.72,scale
2025-11-21 23:08:59.491571,podcast,4530,2.14,scale
2025-11-21 23:08:59.491571,affiliate,4400,2.7,scale
2025-11-21 23:08:59.491571,google_pmax,6156,1.21,maintain
2025-11-21 23:08:59.491571,tiktok_ads,3266,1.52,scale
2025-11-21 23:08:59.491571,google_youtube,5946,1.12,maintain
2025-11-21 23:08:59.491571,tv,14519,1.05,maintain
2025-11-21 23:08:59.491571,events,8531,1.1,maintain
2025-11-21 23:08:59.491571,radio,5149,0.98,maintain
2025-11-21 23:08:59.491571,google_display,3435,0.54,reduce
2025-11-21 23:08:59.491571,linkedin_ads,2291,0.66,reduce
2025-11-21 23:08:59.491571,ooh,7024,0.68,reduce
2025-11-21 23:08:59.491571,programmatic,6264,0.56,reduce
2025-11-21 23:08:59.491571,direct_mail,5123,1.03,maintain
2025-11-22 23:08:59.491571,google_search,9125,2.41,scale
2025-11-22 23:08:59.491571,meta_ads,9927,1.89,scale
2025-11-22 23:08:59.491571,podcast,4535,2.12,scale
2025-11-22 23:08:59.491571,affiliate,4393,2.71,scale
2025-11-22 23:08:59.491571,google_pmax,6141,1.1,maintain
2025-11-22 23:08:59.491571,tiktok_ads,3272,1.5,maintain
2025-11-22 23:08:59.491571,google_youtube,5931,1.18,maintain
2025-11-22 23:08:59.491571,tv,14555,0.94,maintain
2025-11-22 23:08:59.491571,events,8536,1.04,maintain
2025-11-22 23:08:59.491571,radio,5161,1.01,maintain
2025-11-22 23:08:59.491571,google_display,3431,0.57,reduce
2025-11-22 23:08:59.491571,linkedin_ads,2292,0.66,reduce
2025-11-22 23:08:59.491571,ooh,7035,0.36,reduce
2025-11-22 23:08:59.491571,programmatic,6252,0.45,reduce
2025-11-22 23:08:59.491571,direct_mail,5120,0.74,reduce
2025-11-23 23:08:59.491571,google_search,9132,2.23,scale
2025-11-23 23:08:59.491571,meta_ads,9952,1.99,scale
2025-11-23 23:08:59.491571,podcast,4539,2.02,scale
2025-11-23 23:08:59.491571,affiliate,4385,2.72,scale
2025-11-23 23:08:59.491571,google_pmax,6126,1.2,maintain
2025-11-23 23:08:59.491571,tiktok_ads,3278,1.59,scale
2025-11-23 23:08:59.491571,google_youtube,5917,1.18,maintain
2025-11-23 23:08:59.491571,tv,14592,1.06,maintain
2025-11-23 23:08:59.491571,events,8542,1.03,maintain
2025-11-23 23:08:59.491571,radio,5173,0.92,maintain
2025-11-23 23:08:59.491571,google_display,3428,0.54,reduce
2025-11-23 23:08:59.491571,linkedin_ads,2293,0.86,reduce
2025-11-23 23:08:59.491571,ooh,7047,0.38,reduce
2025-11-23 23:08:59.491571,programmatic,6240,0.57,reduce
2025-11-23 23:08:59.491571,direct_mail,5117,0.92,maintain
2025-11-24 23:08:59.491571,google_search,9139,2.25,scale
2025-11-24 23:08:59.491571,meta_ads,9977,1.96,scale
2025-11-24 23:08:59.491571,podcast,4544,2.16,scale
2025-11-24 23:08:59.491571,affiliate,4378,2.85,scale
2025-11-24 23:08:59.491571,google_pmax,6111,1.2,maintain
2025-11-24 23:08:59.491571,tiktok_ads,3284,1.39,maintain
2025-11-24 23:08:59.491571,google_youtube,5902,1.04,maintain
2025-11-24 23:08:59.491571,tv,14629,1.01,maintain
2025-11-24 23:08:59.491571,events,8548,1.01,maintain
2025-11-24 23:08:59.491571,radio,5185,0.91,maintain
2025-11-24 23:08:59.491571,google_display,3425,0.48,reduce
2025-11-24 23:08:59.491571,linkedin_ads,2294,0.74,reduce
2025-11-24 23:08:59.491571,ooh,7060,0.59,reduce
2025-11-24 23:08:59.491571,programmatic,6228,0.56,reduce
2025-11-24 23:08:59.491571,direct_mail,5114,0.89,reduce
2025-11-25 23:08:59.491571,google_search,9145,2.34,scale
2025-11-25 23:08:59.491571,meta_ads,10002,1.91,scale
2025-11-25 23:08:59.491571,podcast,4548,2.17,scale
2025-11-25 23:08:59.491571,affiliate,4371,2.74,scale
2025-11-25 23:08:59.491571,google_pmax,6096,1.21,maintain
2025-11-25 23:08:59.491571,tiktok_ads,3290,1.42,maintain
2025-11-25 23:08:59.491571,google_youtube,5887,1.05,maintain
2025-11-25 23:08:59.491571,tv,14666,1.02,maintain
2025-11-25 23:08:59.491571,events,8555,0.98,maintain
2025-11-25 23:08:59.491571,radio,5198,0.96,maintain
2025-11-25 23:08:59.491571,google_display,3422,0.67,reduce
2025-11-25 23:08:59.491571,linkedin_ads,2295,0.77,reduce
2025-11-25 23:08:59.491571,ooh,7072,0.54,reduce
2025-11-25 23:08:59.491571,programmatic,6216,0.54,reduce
2025-11-25 23:08:59.491571,direct_mail,5111,0.73,reduce
2025-11-26 23:08:59.491571,google_search,9150,2.27,scale
2025-11-26 23:08:59.491571,meta_ads,10027,1.89,scale
2025-11-26 23:08:59.491571,podcast,4552,1.95,scale
2025-11-26 23:08:59.491571,affiliate,4365,2.82,scale
2025-11-26 23:08:59.491571,google_pmax,6081,1.24,maintain
2025-11-26 23:08:59.491571,tiktok_ads,3295,1.51,scale
2025-11-26 23:08:59.491571,google_youtube,5872,1.18,maintain
2025-11-26 23:08:59.491571,tv,14703,0.95,maintain
2025-11-26 23:08:59.491571,events,8561,1.05,maintain
2025-11-26 23:08:59.491571,radio,5210,0.92,maintain
2025-11-26 23:08:59.491571,google_display,3420,0.62,reduce
2025-11-26 23:08:59.491571,linkedin_ads,2296,0.64,reduce
2025-11-26 23:08:59.491571,ooh,7085,0.56,reduce
2025-11-26 23:08:59.491571,programmatic,6204,0.51,reduce
2025-11-26 23:08:59.491571,direct_mail,5109,0.89,reduce
2025-11-27 23:08:59.491571,google_search,9156,2.15,scale
2025-11-27 23:08:59.491571,meta_ads,10052,1.98,scale
2025-11-27 23:08:59.491571,podcast,4556,2.18,scale
2025-11-27 23:08:59.491571,affiliate,4358,2.72,scale
2025-11-27 23:08:59.491571,google_pmax,6067,1.21,maintain
2025-11-27 23:08:59.491571,tiktok_ads,3301,1.5,scale
2025-11-27 23:08:59.491571,google_youtube,5857,1.25,maintain
2025-11-27 23:08:59.491571,tv,14741,0.86,reduce
2025-11-27 23:08:59.491571,events,8569,1.07,maintain
2025-11-27 23:08:59.491571,radio,5222,0.86,reduce
2025-11-27 23:08:59.491571,google_display,3417,0.63,reduce
2025-11-27 23:08:59.491571,linkedin_ads,2297,0.68,reduce
2025-11-27 23:08:59.491571,ooh,7098,0.39,reduce
2025-11-27 23:08:59.491571,programmatic,6193,0.55,reduce
2025-11-27 23:08:59.491571,direct_mail,5107,0.74,reduce
2025-11-28 23:08:59.491571,google_search,9161,2.38,scale
2025-11-28 23:08:59.491571,meta_ads,10077,1.75,scale
2025-11-28 23:08:59.491571,podcast,4559,2.14,scale
2025-11-28 23:08:59.491571,affiliate,4352,2.68,scale
2025-11-28 23:08:59.491571,google_pmax,6052,1.13,maintain
2025-11-28 23:08:59.491571,tiktok_ads,3307,1.48,maintain
2025-11-28 23:08:59.491571,google_youtube,5842,0.94,maintain
2025-11-28 23:08:59.491571,tv,14778,1.01,maintain
2025-11-28 23:08:59.491571,events,8576,0.9,reduce
2025-11-28 23:08:59.491571,radio,5233,0.96,maintain
2025-11-28 23:08:59.491571,google_display,3415,0.55,reduce
2025-11-28 23:08:59.491571,linkedin_ads,2297,0.66,reduce
2025-11-28 23:08:59.491571,ooh,7111,0.45,reduce
2025-11-28 23:08:59.491571,programmatic,6182,0.5,reduce
2025-11-28 23:08:59.491571,direct_mail,5105,0.82,reduce
2025-11-29 23:08:59.491571,google_search,9166,2.18,scale
2025-11-29 23:08:59.491571,meta_ads,10102,1.94,scale
2025-11-29 23:08:59.491571,podcast,4563,2.24,scale
2025-11-29 23:08:59.491571,affiliate,4345,2.93,scale
2025-11-29 23:08:59.491571,google_pmax,6038,1.23,maintain
2025-11-29 23:08:59.491571,tiktok_ads,3312,1.51,scale
2025-11-29 23:08:59.491571,google_youtube,5827,0.92,maintain
2025-11-29 23:08:59.491571,tv,14815,1.13,maintain
2025-11-29 23:08:59.491571,events,8585,1.07,maintain
2025-11-29 23:08:59.491571,radio,5245,0.88,reduce
2025-11-29 23:08:59.491571,google_display,3413,0.72,reduce
2025-11-29 23:08:59.491571,linkedin_ads,2298,0.68,reduce
2025-11-29 23:08:59.491571,ooh,7125,0.39,reduce
2025-11-29 23:08:59.491571,programmatic,6171,0.62,reduce
2025-11-29 23:08:59.491571,direct_mail,5104,0.74,reduce
2025-11-30 23:08:59.491571,google_search,9171,2.38,scale
2025-11-30 23:08:59.491571,meta_ads,10127,1.81,scale
2025-11-30 23:08:59.491571,podcast,4566,2.01,scale
2025-11-30 23:08:59.491571,affiliate,4339,2.63,scale
2025-11-30 23:08:59.491571,google_pmax,6024,1.28,maintain
2025-11-30 23:08:59.491571,tiktok_ads,3317,1.39,maintain
2025-11-30 23:08:59.491571,google_youtube,5813,0.96,maintain
2025-11-30 23:08:59.491571,tv,14853,0.96,maintain
2025-11-30 23:08:59.491571,events,8593,1.01,maintain
2025-11-30 23:08:59.491571,radio,5257,0.83,reduce
2025-11-30 23:08:59.491571,google_display,3411,0.53,reduce
2025-11-30 23:08:59.491571,linkedin_ads,2298,0.87,reduce
2025-11-30 23:08:59.491571,ooh,7139,0.35,reduce
2025-11-30 23:08:59.491571,programmatic,6160,0.57,reduce
2025-11-30 23:08:59.491571,direct_mail,5102,0.79,reduce
2025-12-01 23:08:59.491571,google_search,9175,2.27,scale
2025-12-01 23:08:59.491571,meta_ads,10152,1.95,scale
2025-12-01 23:08:59.491571,podcast,4569,2.17,scale
2025-12-01 23:08:59.491571,affiliate,4334,2.68,scale
2025-12-01 23:08:59.491571,google_pmax,6010,1.12,maintain
2025-12-01 23:08:59.491571,tiktok_ads,3323,1.53,scale
2025-12-01 23:08:59.491571,google_youtube,5798,1.05,maintain
2025-12-01 23:08:59.491571,tv,14890,1.15,maintain
2025-12-01 23:08:59.491571,events,8602,0.83,reduce
2025-12-01 23:08:59.491571,radio,5269,0.93,maintain
2025-12-01 23:08:59.491571,google_display,3409,0.77,reduce
2025-12-01 23:08:59.491571,linkedin_ads,2299,0.67,reduce
2025-12-01 23:08:59.491571,ooh,7153,0.4,reduce
2025-12-01 23:08:59.491571,programmatic,6150,0.63,reduce
2025-12-01 23:08:59.491571,direct_mail,5101,0.77,reduce
2025-12-02 23:08:59.491571,google_search,9179,2.28,scale
2025-12-02 23:08:59.491571,meta_ads,10177,1.88,scale
2025-12-02 23:08:59.491571,podcast,4572,2.05,scale
2025-12-02 23:08:59.491571,affiliate,4328,2.8,scale
2025-12-02 23:08:59.491571,google_pmax,5996,1.25,maintain
2025-12-02 23:08:59.491571,tiktok_ads,3328,1.43,maintain
2025-12-02 23:08:59.491571,google_youtube,5784,1.12,maintain
2025-12-02 23:08:59.491571,tv,14928,0.99,maintain
2025-12-02 23:08:59.491571,events,8611,0.95,maintain
2025-12-02 23:08:59.491571,radio,5280,0.87,reduce
2025-12-02 23:08:59.491571,google_display,3407,0.61,reduce
2025-12-02 23:08:59.491571,linkedin_ads,2299,0.61,reduce
2025-12-02 23:08:59.491571,ooh,7167,0.37,reduce
2025-12-02 23:08:59.491571,programmatic,6140,0.58,reduce
2025-12-02 23:08:59.491571,direct_mail,5100,0.98,maintain
2025-12-03 23:08:59.491571,google_search,9182,2.08,scale
2025-12-03 23:08:59.491571,meta_ads,10202,1.89,scale
2025-12-03 23:08:59.491571,podcast,4575,2.24,scale
2025-12-03 23:08:59.491571,affiliate,4322,2.71,scale
2025-12-03 23:08:59.491571,google_pmax,5982,1.27,maintain
2025-12-03 23:08:59.491571,tiktok_ads,3333,1.4,maintain
2025-12-03 23:08:59.491571,google_youtube,5769,1.0,maintain
2025-12-03 23:08:59.491571,tv,14965,0.84,reduce
2025-12-03 23:08:59.491571,events,8621,1.03,maintain
2025-12-03 23:08:59.491571,radio,5292,0.85,reduce
2025-12-03 23:08:59.491571,google_display,3406,0.55,reduce
2025-12-03 23:08:59.491571,linkedin_ads,2299,0.66,reduce
2025-12-03 23:08:59.491571,ooh,7182,0.55,reduce
2025-12-03 23:08:59.491571,programmatic,6130,0.83,reduce
2025-12-03 23:08:59.491571,direct_mail,5100,0.83,reduce
2025-12-04 23:08:59.491571,google_search,9185,2.26,scale
2025-12-04 23:08:59.491571,meta_ads,10226,1.81,scale
2025-12-04 23:08:59.491571,podcast,4578,2.14,scale
2025-12-04 23:08:59.491571,affiliate,4317,2.85,scale
2025-12-04 23:08:59.491571,google_pmax,5968,1.19,maintain
2025-12-04 23:08:59.491571,tiktok_ads,3338,1.19,maintain
2025-12-04 23:08:59.491571,google_youtube,5755,1.11,maintain
2025-12-04 23:08:59.491571,tv,15002,1.1,maintain
2025-12-04 23:08:59.491571,events,8631,0.89,reduce
2025-12-04 23:08:59.491571,radio,5303,0.92,maintain
2025-12-04 23:08:59.491571,google_display,3404,0.65,reduce
2025-12-04 23:08:59.491571,linkedin_ads,2299,0.69,reduce
2025-12-04 23:08:59.491571,ooh,7196,0.35,reduce
2025-12-04 23:08:59.491571,programmatic,6120,0.74,reduce
2025-12-04 23:08:59.491571,direct_mail,5100,0.78,reduce
2025-12-05 23:08:59.491571,google_search,9188,2.18,scale
2025-12-05 23:08:59.491571,meta_ads,10251,1.75,scale
2025-12-05 23:08:59.491571,podcast,4581,2.2,scale
2025-12-05 23:08:59.491571,affiliate,4312,2.75,scale
2025-12-05 23:08:59.491571,google_pmax,5954,1.21,maintain
2025-12-05 23:08:59.491571,tiktok_ads,3343,1.33,maintain
2025-12-05 23:08:59.491571,google_youtube,5740,1.01,maintain
2025-12-05 23:08:59.491571,tv,15040,0.93,maintain
2025-12-05 23:08:59.491571,events,8641,0.98,maintain
2025-12-05 23:08:59.491571,radio,5315,0.74,reduce
2025-12-05 23:08:59.491571,google_display,3403,0.55,reduce
2025-12-05 23:08:59.491571,linkedin_ads,2299,0.67,reduce
2025-12-05 23:08:59.491571,ooh,7211,0.46,reduce
2025-12-05 23:08:59.491571,programmatic,6111,0.67,reduce
2025-12-05 23:08:59.491571,direct_mail,5100,0.87,reduce
2025-12-06 23:08:59.491571,google_search,9191,2.41,scale
2025-12-06 23:08:59.491571,meta_ads,10276,2.0,scale
2025-12-06 23:08:59.491571,podcast,4583,2.14,scale
2025-12-06 23:08:59.491571,affiliate,4307,2.7,scale
2025-12-06 23:08:59.491571,google_pmax,5941,1.13,maintain
2025-12-06 23:08:59.491571,tiktok_ads,3348,1.4,maintain
2025-12-06 23:08:59.491571,google_youtube,5726,1.19,maintain
2025-12-06 23:08:59.491571,tv,15077,1.05,maintain
2025-12-06 23:08:59.491571,events,8652,1.17,maintain
2025-12-06 23:08:59.491571,radio,5326,0.78,reduce
2025-12-06 23:08:59.491571,google_display,3402,0.51,reduce
2025-12-06 23:08:59.491571,linkedin_ads,2299,0.77,reduce
2025-12-06 23:08:59.491571,ooh,7227,0.42,reduce
2025-12-06 23:08:59.491571,programmatic,6102,0.8,reduce
2025-12-06 23:08:59.491571,direct_mail,5100,0.8,reduce
2025-12-07 23:08:59.491571,google_search,9193,2.23,scale
2025-12-07 23:08:59.491571,meta_ads,10300,1.9,scale
2025-12-07 23:08:59.491571,podcast,4585,1.98,scale
2025-12-07 23:08:59.491571,affiliate,4302,2.61,scale
2025-12-07 23:08:59.491571,google_pmax,5928,1.28,maintain
2025-12-07 23:08:59.491571,tiktok_ads,3352,1.4,maintain
2025-12-07 23:08:59.491571,google_youtube,5712,1.08,maintain
2025-12-07 23:08:59.491571,tv,15115,0.89,reduce
2025-12-07 23:08:59.491571,events,8663,0.99,maintain
2025-12-07 23:08:59.491571,radio,5337,0.8,reduce
2025-12-07 23:08:59.491571,google_display,3401,0.7,reduce
2025-12-07 23:08:59.491571,linkedin_ads,2299,0.65,reduce
2025-12-07 23:08:59.491571,ooh,7242,0.31,reduce
2025-12-07 23:08:59.491571,programmatic,6093,0.71,reduce
2025-12-07 23:08:59.491571,direct_mail,5100,0.75,reduce
2025-12-08 23:08:59.491571,google_search,9195,2.42,scale
2025-12-08 23:08:59.491571,meta_ads,10325,1.86,scale
2025-12-08 23:08:59.491571,podcast,4587,1.99,scale
2025-12-08 23:08:59.491571,affiliate,4298,2.53,scale
2025-12-08 23:08:59.491571,google_pmax,5915,1.2,maintain
2025-12-08 23:08:59.491571,tiktok_ads,3357,1.26,maintain
2025-12-08 23:08:59.491571,google_youtube,5697,0.93,maintain
2025-12-08 23:08:59.491571,tv,15152,1.12,maintain
2025-12-08 23:08:59.491571,events,8675,1.08,maintain
2025-12-08 23:08:59.491571,radio,5348,0.9,reduce
2025-12-08 23:08:59.491571,google_display,3401,0.71,reduce
2025-12-08 23:08:59.491571,linkedin_ads,2299,0.75,reduce
2025-12-08 23:08:59.491571,ooh,7258,0.33,reduce
2025-12-08 23:08:59.491571,programmatic,6084,0.65,reduce
2025-12-08 23:08:59.491571,direct_mail,5101,0.86,reduce
2025-12-09 23:08:59.491571,google_search,9197,2.33,scale
2025-12-09 23:08:59.491571,meta_ads,10349,1.94,scale
2025-12-09 23:08:59.491571,podcast,4589,2.03,scale
2025-12-09 23:08:59.491571,affiliate,4294,2.75,scale
2025-12-09 23:08:59.491571,google_pmax,5902,1.14,maintain
2025-12-09 23:08:59.491571,tiktok_ads,3361,1.28,maintain
2025-12-09 23:08:59.491571,google_youtube,5683,1.16,maintain
2025-12-09 23:08:59.491571,tv,15190,0.98,maintain
2025-12-09 23:08:59.491571,events,8687,0.9,reduce
2025-12-09 23:08:59.491571,radio,5359,0.81,reduce
2025-12-09 23:08:59.491571,google_display,3400,0.68,reduce
2025-12-09 23:08:59.491571,linkedin_ads,2299,0.72,reduce
2025-12-09 23:08:59.491571,ooh,7273,0.39,reduce
2025-12-09 23:08:59.491571,programmatic,6076,0.71,reduce
2025-12-09 23:08:59.491571,direct_mail,5102,0.83,reduce
2025-12-10 23:08:59.491571,google_search,9198,2.23,scale
2025-12-10 23:08:59.491571,meta_ads,10373,1.95,scale
2025-12-10 23:08:59.491571,podcast,4591,2.04,scale
2025-12-10 23:08:59.491571,affiliate,4289,2.63,scale
2025-12-10 23:08:59.491571,google_pmax,5889,1.14,maintain
2025-12-10 23:08:59.491571,tiktok_ads,3366,1.24,maintain
2025-12-10 23:08:59.491571,google_youtube,5669,1.04,maintain
2025-12-10 23:08:59.491571,tv,15227,1.05,maintain
2025-12-10 23:08:59.491571,events,8699,0.73,reduce
2025-12-10 23:08:59.491571,radio,5370,0.83,reduce
2025-12-10 23:08:59.491571,google_display,3400,0.56,reduce
2025-12-10 23:08:59.491571,linkedin_ads,2299,0.82,reduce
2025-12-10 23:08:59.491571,ooh,7289,0.31,reduce
2025-12-10 23:08:59.491571,programmatic,6067,0.78,reduce
2025-12-10 23:08:59.491571,direct_mail,5103,0.91,maintain
2025-12-11 23:08:59.491571,google_search,9199,2.19,scale
2025-12-11 23:08:59.491571,meta_ads,10397,1.96,scale
2025-12-11 23:08:59.491571,podcast,4593,2.04,scale
2025-12-11 23:08:59.491571,affiliate,4286,2.66,scale
2025-12-11 23:08:59.491571,google_pmax,5876,1.13,maintain
2025-12-11 23:08:59.491571,tiktok_ads,3370,1.19,maintain
2025-12-11 23:08:59.491571,google_youtube,5655,1.26,maintain
2025-12-11 23:08:59.491571,tv,15264,1.1,maintain
2025-12-11 23:08:59.491571,events,8712,1.12,maintain
2025-12-11 23:08:59.491571,radio,5381,0.93,maintain
2025-12-11 23:08:59.491571,google_display,3400,0.46,reduce
2025-12-11 23:08:59.491571,linkedin_ads,2298,0.73,reduce
2025-12-11 23:08:59.491571,ooh,7306,0.48,reduce
2025-12-11 23:08:59.491571,programmatic,6059,0.72,reduce
2025-12-11 23:08:59.491571,direct_mail,5104,0.87,reduce
2025-12-12 23:08:59.491571,google_search,9199,2.35,scale
2025-12-12 23:08:59.491571,meta_ads,10421,2.08,scale
2025-12-12 23:08:59.491571,podcast,4594,2.07,scale
2025-12-12 23:08:59.491571,affiliate,4282,2.61,scale
2025-12-12 23:08:59.491571,google_pmax,5864,1.16,maintain
2025-12-12 23:08:59.491571,tiktok_ads,3374,1.35,maintain
2025-12-12 23:08:59.491571,google_youtube,5642,0.89,reduce
2025-12-12 23:08:59.491571,tv,15302,0.87,reduce
2025-12-12 23:08:59.491571,events,8725,1.04,maintain
2025-12-12 23:08:59.491571,radio,5392,0.85,reduce
2025-12-12 23:08:59.491571,google_display,3400,0.59,reduce
2025-12-12 23:08:59.491571,linkedin_ads,2298,0.77,reduce
2025-12-12 23:08:59.491571,ooh,7322,0.34,reduce
2025-12-12 23:08:59.491571,programmatic,6052,0.66,reduce
2025-12-12 23:08:59.491571,direct_mail,5106,0.95,maintain
2025-12-13 23:08:59.491571,google_search,9199,2.22,scale
2025-12-13 23:08:59.491571,meta_ads,10445,1.85,scale
2025-12-13 23:08:59.491571,podcast,4595,2.19,scale
2025-12-13 23:08:59.491571,affiliate,4278,2.67,scale
2025-12-13 23:08:59.491571,google_pmax,5852,1.18,maintain
2025-12-13 23:08:59.491571,tiktok_ads,3378,1.25,maintain
2025-12-13 23:08:59.491571,google_youtube,5628,1.13,maintain
2025-12-13 23:08:59.491571,tv,15339,1.01,maintain
2025-12-13 23:08:59.491571,events,8738,1.15,maintain
2025-12-13 23:08:59.491571,radio,5402,0.71,reduce
2025-12-13 23:08:59.491571,google_display,3400,0.65,reduce
2025-12-13 23:08:59.491571,linkedin_ads,2297,0.63,reduce
2025-12-13 23:08:59.491571,ooh,7339,0.49,reduce
2025-12-13 23:08:59.491571,programmatic,6044,0.84,reduce
2025-12-13 23:08:59.491571,direct_mail,5108,0.73,reduce
2025-12-14 23:08:59.491571,google_search,9199,2.35,scale
2025-12-14 23:08:59.491571,meta_ads,10469,2.01,scale
2025-12-14 23:08:59.491571,podcast,4596,2.15,scale
2025-12-14 23:08:59.491571,affiliate,4275,2.62,scale
2025-12-14 23:08:59.491571,google_pmax,5840,1.14,maintain
2025-12-14 23:08:59.491571,tiktok_ads,3382,1.19,maintain
2025-12-14 23:08:59.491571,google_youtube,5614,1.03,maintain
2025-12-14 23:08:59.491571,tv,15376,1.1,maintain
2025-12-14 23:08:59.491571,events,8752,0.87,reduce
2025-12-14 23:08:59.491571,radio,5413,0.91,maintain
2025-12-14 23:08:59.491571,google_display,3400,0.56,reduce
2025-12-14 23:08:59.491571,linkedin_ads,2296,0.63,reduce
2025-12-14 23:08:59.491571,ooh,7355,0.32,reduce
2025-12-14 23:08:59.491571,programmatic,6037,0.83,reduce
2025-12-14 23:08:59.491571,direct_mail,5110,0.49,reduce
2025-12-15 23:08:59.491571,google_search,9199,2.24,scale
2025-12-15 23:08:59.491571,meta_ads,10493,1.87,scale
2025-12-15 23:08:59.491571,podcast,4597,2.14,scale
2025-12-15 23:08:59.491571,affiliate,4272,2.64,scale
2025-12-15 23:08:59.491571,google_pmax,5828,1.16,maintain
2025-12-15 23:08:59.491571,tiktok_ads,3386,1.3,maintain
2025-12-15 23:08:59.491571,google_youtube,5601,1.11,maintain
2025-12-15 23:08:59.491571,tv,15413,1.11,maintain
2025-12-15 23:08:59.491571,events,8766,0.99,maintain
2025-12-15 23:08:59.491571,radio,5423,0.92,maintain
2025-12-15 23:08:59.491571,google_display,3400,0.56,reduce
2025-12-15 23:08:59.491571,linkedin_ads,2296,0.68,reduce
2025-12-15 23:08:59.491571,ooh,7372,0.41,reduce
2025-12-15 23:08:59.491571,programmatic,6030,0.82,reduce
2025-12-15 23:08:59.491571,direct_mail,5113,0.9,reduce
2025-12-16 23:08:59.491571,google_search,9198,2.28,scale
2025-12-16 23:08:59.491571,meta_ads,10516,2.0,scale
2025-12-16 23:08:59.491571,podcast,4598,2.21,scale
2025-12-16 23:08:59.491571,affiliate,4269,2.78,scale
2025-12-16 23:08:59.491571,google_pmax,5816,1.06,maintain
2025-12-16 23:08:59.491571,tiktok_ads,3390,1.19,maintain
2025-12-16 23:08:59.491571,google_youtube,5587,1.1,maintain
2025-12-16 23:08:59.491571,tv,15449,1.11,maintain
2025-12-16 23:08:59.491571,events,8780,0.95,maintain
2025-12-16 23:08:59.491571,radio,5434,0.82,reduce
2025-12-16 23:08:59.491571,google_display,3401,0.66,reduce
2025-12-16 23:08:59.491571,linkedin_ads,2295,0.63,reduce
2025-12-16 23:08:59.491571,ooh,7390,0.35,reduce
2025-12-16 23:08:59.491571,programmatic,6024,1.01,maintain
2025-12-16 23:08:59.491571,direct_mail,5115,0.77,reduce
2025-12-17 23:08:59.491571,google_search,9197,2.24,scale
2025-12-17 23:08:59.491571,meta_ads,10540,1.88,scale
2025-12-17 23:08:59.491571,podcast,4599,2.12,scale
2025-12-17 23:08:59.491571,affiliate,4266,2.59,scale
2025-12-17 23:08:59.491571,google_pmax,5805,1.15,maintain
2025-12-17 23:08:59.491571,tiktok_ads,3394,1.16,maintain
2025-12-17 23:08:59.491571,google_youtube,5574,1.14,maintain
2025-12-17 23:08:59.491571,tv,15486,1.1,maintain
2025-12-17 23:08:59.491571,events,8795,0.98,maintain
2025-12-17 23:08:59.491571,radio,5444,0.97,maintain
2025-12-17 23:08:59.491571,google_display,3402,0.55,reduce
2025-12-17 23:08:59.491571,linkedin_ads,2294,0.59,reduce
2025-12-17 23:08:59.491571,ooh,7407,0.36,reduce
2025-12-17 23:08:59.491571,programmatic,6017,1.02,maintain
2025-12-17 23:08:59.491571,direct_mail,5118,0.79,reduce
2025-12-18 23:08:59.491571,google_search,9196,2.3,scale
2025-12-18 23:08:59.491571,meta_ads,10563,2.09,scale
2025-12-18 23:08:59.491571,podcast,4599,1.98,scale
2025-12-18 23:08:59.491571,affiliate,4264,2.6,scale
2025-12-18 23:08:59.491571,google_pmax,5793,1.04,maintain
2025-12-18 23:08:59.491571,tiktok_ads,3397,1.14,maintain
2025-12-18 23:08:59.491571,google_youtube,5561,1.04,maintain
2025-12-18 23:08:59.491571,tv,15523,1.17,maintain
2025-12-18 23:08:59.491571,events,8810,1.06,maintain
2025-12-18 23:08:59.491571,radio,5454,0.84,reduce
2025-12-18 23:08:59.491571,google_display,3403,0.57,reduce
2025-12-18 23:08:59.491571,linkedin_ads,2293,0.7,reduce
2025-12-18 23:08:59.491571,ooh,7424,0.24,reduce
2025-12-18 23:08:59.491571,programmatic,6011,1.14,maintain
2025-12-18 23:08:59.491571,direct_mail,5121,0.81,reduce
2025-12-19 23:08:59.491571,google_search,9194,2.31,scale
2025-12-19 23:08:59.491571,meta_ads,10586,2.01,scale
2025-12-19 23:08:59.491571,podcast,4599,2.15,scale
2025-12-19 23:08:59.491571,affiliate,4261,2.69,scale
2025-12-19 23:08:59.491571,google_pmax,5782,1.12,maintain
2025-12-19 23:08:59.491571,tiktok_ads,3401,1.14,maintain
2025-12-19 23:08:59.491571,google_youtube,5548,1.06,maintain
2025-12-19 23:08:59.491571,tv,15559,0.98,maintain
2025-12-19 23:08:59.491571,events,8825,1.15,maintain
2025-12-19 23:08:59.491571,radio,5464,0.89,reduce
2025-12-19 23:08:59.491571,google_display,3404,0.63,reduce
2025-12-19 23:08:59.491571,linkedin_ads,2292,0.8,reduce
2025-12-19 23:08:59.491571,ooh,7442,0.37,reduce
2025-12-19 23:08:59.491571,programmatic,6006,0.97,maintain
2025-12-19 23:08:59.491571,direct_mail,5125,0.83,reduce
2025-12-20 23:08:59.491571,google_search,9192,2.23,scale
2025-12-20 23:08:59.491571,meta_ads,10609,1.97,scale
2025-12-20 23:08:59.491571,podcast,4599,2.11,scale
2025-12-20 23:08:59.491571,affiliate,4259,2.62,scale
2025-12-20 23:08:59.491571,google_pmax,5771,1.35,maintain
2025-12-20 23:08:59.491571,tiktok_ads,3404,0.96,maintain
2025-12-20 23:08:59.491571,google_youtube,5535,0.92,maintain
2025-12-20 23:08:59.491571,tv,15595,1.16,maintain
2025-12-20 23:08:59.491571,events,8841,1.1,maintain
2025-12-20 23:08:59.491571,radio,5473,0.78,reduce
2025-12-20 23:08:59.491571,google_display,3405,0.61,reduce
2025-12-20 23:08:59.491571,linkedin_ads,2290,0.8,reduce
2025-12-20 23:08:59.491571,ooh,7460,0.36,reduce
2025-12-20 23:08:59.491571,programmatic,6000,1.17,maintain
2025-12-20 23:08:59.491571,direct_mail,5129,0.63,reduce
2025-12-21 23:08:59.491571,google_search,9189,2.35,scale
2025-12-21 23:08:59.491571,meta_ads,10632,2.06,scale
2025-12-21 23:08:59.491571,podcast,4599,2.17,scale
2025-12-21 23:08:59.491571,affiliate,4257,2.68,scale
2025-12-21 23:08:59.491571,google_pmax,5761,1.14,maintain
2025-12-21 23:08:59.491571,tiktok_ads,3407,1.09,maintain
2025-12-21 23:08:59.491571,google_youtube,5522,1.09,maintain
2025-12-21 23:08:59.491571,tv,15631,1.1,maintain
2025-12-21 23:08:59.491571,events,8857,1.13,maintain
2025-12-21 23:08:59.491571,radio,5483,0.78,reduce
2025-12-21 23:08:59.491571,google_display,3407,0.54,reduce
2025-12-21 23:08:59.491571,linkedin_ads,2289,0.61,reduce
2025-12-21 23:08:59.491571,ooh,7478,0.33,reduce
2025-12-21 23:08:59.491571,programmatic,5995,1.06,maintain
2025-12-21 23:08:59.491571,direct_mail,5132,0.77,reduce
2025-12-22 23:08:59.491571,google_search,9187,2.5,scale
2025-12-22 23:08:59.491571,meta_ads,10654,1.98,scale
2025-12-22 23:08:59.491571,podcast,4599,2.1,scale
2025-12-22 23:08:59.491571,affiliate,4256,2.71,scale
2025-12-22 23:08:59.491571,google_pmax,5750,1.11,maintain
2025-12-22 23:08:59.491571,tiktok_ads,3410,1.04,maintain
2025-12-22 23:08:59.491571,google_youtube,5510,1.11,maintain
2025-12-22 23:08:59.491571,tv,15667,1.06,maintain
2025-12-22 23:08:59.491571,events,8873,0.98,maintain
2025-12-22 23:08:59.491571,radio,5492,0.79,reduce
2025-12-22 23:08:59.491571,google_display,3408,0.52,reduce
2025-12-22 23:08:59.491571,linkedin_ads,2288,0.69,reduce
2025-12-22 23:08:59.491571,ooh,7496,0.46,reduce
2025-12-22 23:08:59.491571,programmatic,5990,0.89,reduce
2025-12-22 23:08:59.491571,direct_mail,5137,0.73,reduce
2025-12-23 23:08:59.491571,google_search,9184,2.3,scale
2025-12-23 23:08:59.491571,meta_ads,10677,1.82,scale
2025-12-23 23:08:59.491571,podcast,4599,2.03,scale
2025-12-23 23:08:59.491571,affiliate,4254,2.65,scale
2025-12-23 23:08:59.491571,google_pmax,5740,1.09,maintain
2025-12-23 23:08:59.491571,tiktok_ads,3413,1.04,maintain
2025-12-23 23:08:59.491571,google_youtube,5497,1.01,maintain
2025-12-23 23:08:59.491571,tv,15703,1.01,maintain
2025-12-23 23:08:59.491571,events,8890,1.08,maintain
2025-12-23 23:08:59.491571,radio,5502,0.99,maintain
2025-12-23 23:08:59.491571,google_display,3410,0.69,reduce
2025-12-23 23:08:59.491571,linkedin_ads,2286,0.53,reduce
2025-12-23 23:08:59.491571,ooh,7514,0.4,reduce
2025-12-23 23:08:59.491571,programmatic,5985,0.99,maintain
2025-12-23 23:08:59.491571,direct_mail,5141,0.77,reduce
2025-12-24 23:08:59.491571,google_search,9180,2.26,scale
2025-12-24 23:08:59.491571,meta_ads,10699,1.98,scale
2025-12-24 23:08:59.491571,podcast,4598,2.11,scale
2025-12-24 23:08:59.491571,affiliate,4253,2.66,scale
2025-12-24 23:08:59.491571,google_pmax,5730,1.08,maintain
2025-12-24 23:08:59.491571,tiktok_ads,3416,0.97,maintain
2025-12-24 23:08:59.491571,google_youtube,5485,1.04,maintain
2025-12-24 23:08:59.491571,tv,15739,1.11,maintain
2025-12-24 23:08:59.491571,events,8907,1.12,maintain
2025-12-24 23:08:59.491571,radio,5511,0.81,reduce
2025-12-24 23:08:59.491571,google_display,3412,0.58,reduce
2025-12-24 23:08:59.491571,linkedin_ads,2285,0.76,reduce
2025-12-24 23:08:59.491571,ooh,7532,0.45,reduce
2025-12-24 23:08:59.491571,programmatic,5981,1.02,maintain
2025-12-24 23:08:59.491571,direct_mail,5146,0.74,reduce
2025-12-25 23:08:59.491571,google_search,9176,2.3,scale
2025-12-25 23:08:59.491571,meta_ads,10721,1.89,scale
2025-12-25 23:08:59.491571,podcast,4598,2.08,scale
2025-12-25 23:08:59.491571,affiliate,4252,2.76,scale
2025-12-25 23:08:59.491571,google_pmax,5720,1.2,maintain
2025-12-25 23:08:59.491571,tiktok_ads,3419,0.97,maintain
2025-12-25 23:08:59.491571,google_youtube,5472,1.04,maintain
2025-12-25 23:08:59.491571,tv,15774,0.99,maintain
2025-12-25 23:08:59.491571,events,8924,1.11,maintain
2025-12-25 23:08:59.491571,radio,5520,0.85,reduce
2025-12-25 23:08:59.491571,google_display,3414,0.53,reduce
2025-12-25 23:08:59.491571,linkedin_ads,2283,0.65,reduce
2025-12-25 23:08:59.491571,ooh,7551,0.35,reduce
2025-12-25 23:08:59.491571,programmatic,5977,1.0,maintain
2025-12-25 23:08:59.491571,direct_mail,5150,0.8,reduce
2025-12-26 23:08:59.491571,google_search,9172,2.26,scale
2025-12-26 23:08:59.491571,meta_ads,10743,2.11,scale
2025-12-26 23:08:59.491571,podcast,4597,2.21,scale
2025-12-26 23:08:59.491571,affiliate,4251,2.63,scale
2025-12-26 23:08:59.491571,google_pmax,5710,1.15,maintain
2025-12-26 23:08:59.491571,tiktok_ads,3422,0.93,maintain
2025-12-26 23:08:59.491571,google_youtube,5460,0.99,maintain
2025-12-26 23:08:59.491571,tv,15809,1.22,maintain
2025-12-26 23:08:59.491571,events,8942,1.03,maintain
2025-12-26 23:08:59.491571,radio,5529,0.88,reduce
2025-12-26 23:08:59.491571,google_display,3417,0.59,reduce
2025-12-26 23:08:59.491571,linkedin_ads,2282,0.6,reduce
2025-12-26 23:08:59.491571,ooh,7569,0.28,reduce
2025-12-26 23:08:59.491571,programmatic,5973,0.95,maintain
2025-12-26 23:08:59.491571,direct_mail,5156,0.68,reduce
2025-12-27 23:08:59.491571,google_search,9168,2.06,scale
2025-12-27 23:08:59.491571,meta_ads,10764,2.03,scale
2025-12-27 23:08:59.491571,podcast,4596,2.26,scale
2025-12-27 23:08:59.491571,affiliate,4250,2.72,scale
2025-12-27 23:08:59.491571,google_pmax,5701,1.03,maintain
2025-12-27 23:08:59.491571,tiktok_ads,3424,0.91,maintain
2025-12-27 23:08:59.491571,google_youtube,5448,0.98,maintain
2025-12-27 23:08:59.491571,tv,15844,0.98,maintain
2025-12-27 23:08:59.491571,events,8960,1.12,maintain
2025-12-27 23:08:59.491571,radio,5538,0.91,maintain
2025-12-27 23:08:59.491571,google_display,3419,0.45,reduce
2025-12-27 23:08:59.491571,linkedin_ads,2280,0.74,reduce
2025-12-27 23:08:59.491571,ooh,7588,0.47,reduce
2025-12-27 23:08:59.491571,programmatic,5969,1.21,maintain
2025-12-27 23:08:59.491571,direct_mail,5161,0.98,maintain
2025-12-28 23:08:59.491571,google_search,9163,2.21,scale
2025-12-28 23:08:59.491571,meta_ads,10786,2.21,scale
2025-12-28 23:08:59.491571,podcast,4594,2.06,scale
2025-12-28 23:08:59.491571,affiliate,4250,2.66,scale
2025-12-28 23:08:59.491571,google_pmax,5692,1.17,maintain
2025-12-28 23:08:59.491571,tiktok_ads,3427,0.91,maintain
2025-12-28 23:08:59.491571,google_youtube,5437,1.05,maintain
2025-12-28 23:08:59.491571,tv,15878,0.96,maintain
2025-12-28 23:08:59.491571,events,8978,1.04,maintain
2025-12-28 23:08:59.491571,radio,5546,0.95,maintain
2025-12-28 23:08:59.491571,google_display,3422,0.54,reduce
2025-12-28 23:08:59.491571,linkedin_ads,2278,0.69,reduce
2025-12-28 23:08:59.491571,ooh,7607,0.38,reduce
2025-12-28 23:08:59.491571,programmatic,5966,1.16,maintain
2025-12-28 23:08:59.491571,direct_mail,5166,0.61,reduce
2025-12-29 23:08:59.491571,google_search,9158,2.33,scale
2025-12-29 23:08:59.491571,meta_ads,10807,1.97,scale
2025-12-29 23:08:59.491571,podcast,4593,2.1,scale
2025-12-29 23:08:59.491571,affiliate,4250,2.79,scale
2025-12-29 23:08:59.491571,google_pmax,5683,1.05,maintain
2025-12-29 23:08:59.491571,tiktok_ads,3429,0.86,reduce
2025-12-29 23:08:59.491571,google_youtube,5425,0.86,reduce
2025-12-29 23:08:59.491571,tv,15913,1.02,maintain
2025-12-29 23:08:59.491571,events,8996,1.17,maintain
2025-12-29 23:08:59.491571,radio,5555,0.83,reduce
2025-12-29 23:08:59.491571,google_display,3424,0.43,reduce
2025-12-29 23:08:59.491571,linkedin_ads,2276,0.64,reduce
2025-12-29 23:08:59.491571,ooh,7626,0.22,reduce
2025-12-29 23:08:59.491571,programmatic,5963,0.99,maintain
2025-12-29 23:08:59.491571,direct_mail,5172,0.77,reduce
2025-12-30 23:08:59.491571,google_search,9153,2.19,scale
2025-12-30 23:08:59.491571,meta_ads,10828,2.08,scale
2025-12-30 23:08:59.491571,podcast,4591,2.08,scale
2025-12-30 23:08:59.491571,affiliate,4250,2.71,scale
2025-12-30 23:08:59.491571,google_pmax,5674,1.12,maintain
2025-12-30 23:08:59.491571,tiktok_ads,3431,1.0,maintain
2025-12-30 23:08:59.491571,google_youtube,5414,1.08,maintain
2025-12-30 23:08:59.491571,tv,15947,1.1,maintain
2025-12-30 23:08:59.491571,events,9015,1.11,maintain
2025-12-30 23:08:59.491571,radio,5563,0.82,reduce
2025-12-30 23:08:59.491571,google_display,3427,0.58,reduce
2025-12-30 23:08:59.491571,linkedin_ads,2274,0.65,reduce
2025-12-30 23:08:59.491571,ooh,7645,0.34,reduce
2025-12-30 23:08:59.491571,programmatic,5961,1.06,maintain
2025-12-30 23:08:59.491571,direct_mail,5178,0.7,reduce
2025-12-31 23:08:59.491571,google_search,9147,2.23,scale
2025-12-31 23:08:59.491571,meta_ads,10849,2.04,scale
2025-12-31 23:08:59.491571,podcast,4590,2.19,scale
2025-12-31 23:08:59.491571,affiliate,4250,2.8,scale
2025-12-31 23:08:59.491571,google_pmax,5665,1.03,maintain
2025-12-31 23:08:59.491571,tiktok_ads,3433,1.03,maintain
2025-12-31 23:08:59.491571,google_youtube,5402,0.99,maintain
2025-12-31 23:08:59.491571,tv,15981,1.12,maintain
2025-12-31 23:08:59.491571,events,9034,0.99,maintain
2025-12-31 23:08:59.491571,radio,5571,0.85,reduce
2025-12-31 23:08:59.491571,google_display,3431,0.56,reduce
2025-12-31 23:08:59.491571,linkedin_ads,2272,0.55,reduce
2025-12-31 23:08:59.491571,ooh,7664,0.38,reduce
2025-12-31 23:08:59.491571,programmatic,5958,1.2,maintain
2025-12-31 23:08:59.491571,direct_mail,5184,0.72,reduce
2026-01-01 23:08:59.491571,google_search,9141,2.39,scale
2026-01-01 23:08:59.491571,meta_ads,10869,1.99,scale
2026-01-01 23:08:59.491571,podcast,4588,2.15,scale
2026-01-01 23:08:59.491571,affiliate,4250,2.53,scale
2026-01-01 23:08:59.491571,google_pmax,5657,1.33,maintain
2026-01-01 23:08:59.491571,tiktok_ads,3435,1.04,maintain
2026-01-01 23:08:59.491571,google_youtube,5391,0.99,maintain
2026-01-01 23:08:59.491571,tv,16014,0.91,maintain
2026-01-01 23:08:59.491571,events,9053,1.09,maintain
2026-01-01 23:08:59.491571,radio,5579,0.72,reduce
2026-01-01 23:08:59.491571,google_display,3434,0.57,reduce
2026-01-01 23:08:59.491571,linkedin_ads,2270,0.7,reduce
2026-01-01 23:08:59.491571,ooh,7683,0.26,reduce
2026-01-01 23:08:59.491571,programmatic,5956,1.18,maintain
2026-01-01 23:08:59.491571,direct_mail,5191,0.8,reduce
2026-01-02 23:08:59.491571,google_search,9135,2.36,scale
2026-01-02 23:08:59.491571,meta_ads,10889,2.01,scale
2026-01-02 23:08:59.491571,podcast,4586,1.97,scale
2026-01-02 23:08:59.491571,affiliate,4251,2.79,scale
2026-01-02 23:08:59.491571,google_pmax,5649,1.11,maintain
2026-01-02 23:08:59.491571,tiktok_ads,3437,0.8,reduce
2026-01-02 23:08:59.491571,google_youtube,5380,1.12,maintain
2026-01-02 23:08:59.491571,tv,16048,1.24,maintain
2026-01-02 23:08:59.491571,events,9073,1.07,maintain
2026-01-02 23:08:59.491571,radio,5587,1.0,maintain
2026-01-02 23:08:59.491571,google_display,3437,0.54,reduce
2026-01-02 23:08:59.491571,linkedin_ads,2268,0.64,reduce
2026-01-02 23:08:59.491571,ooh,7703,0.28,reduce
2026-01-02 23:08:59.491571,programmatic,5954,1.23,maintain
2026-01-02 23:08:59.491571,direct_mail,5198,0.67,reduce
2026-01-03 23:08:59.491571,google_search,9128,2.34,scale
2026-01-03 23:08:59.491571,meta_ads,10909,1.96,scale
2026-01-03 23:08:59.491571,podcast,4584,2.05,scale
2026-01-03 23:08:59.491571,affiliate,4251,2.79,scale
2026-01-03 23:08:59.491571,google_pmax,5641,1.1,maintain
2026-01-03 23:08:59.491571,tiktok_ads,3439,0.87,reduce
2026-01-03 23:08:59.491571,google_youtube,5369,1.1,maintain
2026-01-03 23:08:59.491571,tv,16081,1.2,maintain
2026-01-03 23:08:59.491571,events,9093,1.12,maintain
2026-01-03 23:08:59.491571,radio,5595,0.77,reduce
2026-01-03 23:08:59.491571,google_display,3441,0.49,reduce
2026-01-03 23:08:59.491571,linkedin_ads,2266,0.67,reduce
2026-01-03 23:08:59.491571,ooh,7722,0.35,reduce
2026-01-03 23:08:59.491571,programmatic,5953,1.02,maintain
2026-01-03 23:08:59.491571,direct_mail,5205,0.78,reduce
2026-01-04 23:08:59.491571,google_search,9121,2.28,scale
2026-01-04 23:08:59.491571,meta_ads,10929,1.87,scale
2026-01-04 23:08:59.491571,podcast,4581,2.01,scale
2026-01-04 23:08:59.491571,affiliate,4252,2.67,scale
2026-01-04 23:08:59.491571,google_pmax,5634,1.12,maintain
2026-01-04 23:08:59.491571,tiktok_ads,3440,1.05,maintain
2026-01-04 23:08:59.491571,google_youtube,5359,1.03,maintain
2026-01-04 23:08:59.491571,tv,16114,1.01,maintain
2026-01-04 23:08:59.491571,events,9113,1.09,maintain
2026-01-04 23:08:59.491571,radio,5602,0.8,reduce
2026-01-04 23:08:59.491571,google_display,3444,0.55,reduce
2026-01-04 23:08:59.491571,linkedin_ads,2263,0.71,reduce
2026-01-04 23:08:59.491571,ooh,7742,0.42,reduce
2026-01-04 23:08:59.491571,programmatic,5951,1.1,maintain
2026-01-04 23:08:59.491571,direct_mail,5212,0.86,reduce
2026-01-05 23:08:59.491571,google_search,9114,2.35,scale
2026-01-05 23:08:59.491571,meta_ads,10949,1.96,scale
2026-01-05 23:08:59.491571,podcast,4579,2.26,scale
2026-01-05 23:08:59.491571,affiliate,4254,2.74,scale
2026-01-05 23:08:59.491571,google_pmax,5626,1.05,maintain
2026-01-05 23:08:59.491571,tiktok_ads,3442,1.03,maintain
2026-01-05 23:08:59.491571,google_youtube,5348,1.17,maintain
2026-01-05 23:08:59.491571,tv,16146,1.08,maintain
2026-01-05 23:08:59.491571,events,9133,1.03,maintain
2026-01-05 23:08:59.491571,radio,5610,0.81,reduce
2026-01-05 23:08:59.491571,google_display,3448,0.58,reduce
2026-01-05 23:08:59.491571,linkedin_ads,2261,0.77,reduce
2026-01-05 23:08:59.491571,ooh,7761,0.37,reduce
2026-01-05 23:08:59.491571,programmatic,5951,1.11,maintain
2026-01-05 23:08:59.491571,direct_mail,5219,0.84,reduce
2026-01-06 23:08:59.491571,google_search,9106,2.25,scale
2026-01-06 23:08:59.491571,meta_ads,10968,2.1,scale
2026-01-06 23:08:59.491571,podcast,4576,2.06,scale
2026-01-06 23:08:59.491571,affiliate,4255,2.75,scale
2026-01-06 23:08:59.491571,google_pmax,5619,1.11,maintain
2026-01-06 23:08:59.491571,tiktok_ads,3443,0.9,reduce
2026-01-06 23:08:59.491571,google_youtube,5338,0.98,maintain
2026-01-06 23:08:59.491571,tv,16178,1.19,maintain
2026-01-06 23:08:59.491571,events,9154,1.02,maintain
2026-01-06 23:08:59.491571,radio,5617,0.76,reduce
2026-01-06 23:08:59.491571,google_display,3452,0.69,reduce
2026-01-06 23:08:59.491571,linkedin_ads,2258,0.74,reduce
2026-01-06 23:08:59.491571,ooh,7781,0.2,reduce
2026-01-06 23:08:59.491571,programmatic,5950,1.05,maintain
2026-01-06 23:08:59.491571,direct_mail,5227,0.57,reduce
2026-01-07 23:08:59.491571,google_search,9099,2.19,scale
2026-01-07 23:08:59.491571,meta_ads,10987,1.77,scale
2026-01-07 23:08:59.491571,podcast,4573,2.07,scale
2026-01-07 23:08:59.491571,affiliate,4257,2.62,scale
2026-01-07 23:08:59.491571,google_pmax,5612,1.12,maintain
2026-01-07 23:08:59.491571,tiktok_ads,3444,0.77,reduce
2026-01-07 23:08:59.491571,google_youtube,5328,1.01,maintain
2026-01-07 23:08:59.491571,tv,16210,1.05,maintain
2026-01-07 23:08:59.491571,events,9174,1.2,maintain
2026-01-07 23:08:59.491571,radio,5624,0.93,maintain
2026-01-07 23:08:59.491571,google_display,3457,0.58,reduce
2026-01-07 23:08:59.491571,linkedin_ads,2256,0.63,reduce
2026-01-07 23:08:59.491571,ooh,7801,0.47,reduce
2026-01-07 23:08:59.491571,programmatic,5950,0.97,maintain
2026-01-07 23:08:59.491571,direct_mail,5234,0.6,reduce
2026-01-08 23:08:59.491571,google_search,9090,2.26,scale
2026-01-08 23:08:59.491571,meta_ads,11006,2.2,scale
2026-01-08 23:08:59.491571,podcast,4570,2.06,scale
2026-01-08 23:08:59.491571,affiliate,4259,2.7,scale
2026-01-08 23:08:59.491571,google_pmax,5606,1.0,maintain
2026-01-08 23:08:59.491571,tiktok_ads,3445,0.98,maintain
2026-01-08 23:08:59.491571,google_youtube,5318,1.08,maintain
2026-01-08 23:08:59.491571,tv,16241,1.15,maintain
2026-01-08 23:08:59.491571,events,9195,1.03,maintain
2026-01-08 23:08:59.491571,radio,5631,0.76,reduce
2026-01-08 23:08:59.491571,google_display,3461,0.41,reduce
2026-01-08 23:08:59.491571,linkedin_ads,2253,0.67,reduce
2026-01-08 23:08:59.491571,ooh,7820,0.23,reduce
2026-01-08 23:08:59.491571,programmatic,5950,1.0,maintain
2026-01-08 23:08:59.491571,direct_mail,5242,0.68,reduce
2026-01-09 23:08:59.491571,google_search,9082,2.23,scale
2026-01-09 23:08:59.491571,meta_ads,11024,1.98,scale
2026-01-09 23:08:59.491571,podcast,4567,2.11,scale
2026-01-09 23:08:59.491571,affiliate,4261,2.72,scale
2026-01-09 23:08:59.491571,google_pmax,5599,1.09,maintain
2026-01-09 23:08:59.491571,tiktok_ads,3446,0.92,maintain
2026-01-09 23:08:59.491571,google_youtube,5308,0.93,maintain
2026-01-09 23:08:59.491571,tv,16272,1.09,maintain
2026-01-09 23:08:59.491571,events,9217,1.1,maintain
2026-01-09 23:08:59.491571,radio,5638,0.69,reduce
2026-01-09 23:08:59.491571,google_display,3465,0.59,reduce
2026-01-09 23:08:59.491571,linkedin_ads,2251,0.59,reduce
2026-01-09 23:08:59.491571,ooh,7840,0.32,reduce
2026-01-09 23:08:59.491571,programmatic,5950,1.18,maintain
2026-01-09 23:08:59.491571,direct_mail,5251,0.78,reduce
2026-01-10 23:08:59.491571,google_search,9073,2.27,scale
2026-01-10 23:08:59.491571,meta_ads,11042,2.0,scale
2026-01-10 23:08:59.491571,podcast,4564,2.15,scale
2026-01-10 23:08:59.491571,affiliate,4263,2.77,scale
2026-01-10 23:08:59.491571,google_pmax,5593,1.06,maintain
2026-01-10 23:08:59.491571,tiktok_ads,3447,0.85,reduce
2026-01-10 23:08:59.491571,google_youtube,5299,0.84,reduce
2026-01-10 23:08:59.491571,tv,16303,1.1,maintain
2026-01-10 23:08:59.491571,events,9238,1.08,maintain
2026-01-10 23:08:59.491571,radio,5644,0.9,reduce
2026-01-10 23:08:59.491571,google_display,3470,0.54,reduce
2026-01-10 23:08:59.491571,linkedin_ads,2248,0.76,reduce
2026-01-10 23:08:59.491571,ooh,7860,0.25,reduce
2026-01-10 23:08:59.491571,programmatic,5950,1.17,maintain
2026-01-10 23:08:59.491571,direct_mail,5259,0.67,reduce
2026-01-11 23:08:59.491571,google_search,9064,2.33,scale
2026-01-11 23:08:59.491571,meta_ads,11060,1.92,scale
2026-01-11 23:08:59.491571,podcast,4560,2.09,scale
2026-01-11 23:08:59.491571,affiliate,4265,2.56,scale
2026-01-11 23:08:59.491571,google_pmax,5587,1.08,maintain
2026-01-11 23:08:59.491571,tiktok_ads,3448,0.95,maintain
2026-01-11 23:08:59.491571,google_youtube,5289,0.96,maintain
2026-01-11 23:08:59.491571,tv,16334,1.0,maintain
2026-01-11 23:08:59.491571,events,9260,1.16,maintain
2026-01-11 23:08:59.491571,radio,5650,0.8,reduce
2026-01-11 23:08:59.491571,google_display,3475,0.47,reduce
2026-01-11 23:08:59.491571,linkedin_ads,2245,0.66,reduce
2026-01-11 23:08:59.491571,ooh,7880,0.52,reduce
2026-01-11 23:08:59.491571,programmatic,5951,1.16,maintain
2026-01-11 23:08:59.491571,direct_mail,5268,0.8,reduce
2026-01-12 23:08:59.491571,google_search,9055,2.3,scale
2026-01-12 23:08:59.491571,meta_ads,11077,2.05,scale
2026-01-12 23:08:59.491571,podcast,4556,1.88,scale
2026-01-12 23:08:59.491571,affiliate,4268,2.66,scale
2026-01-12 23:08:59.491571,google_pmax,5582,1.06,maintain
2026-01-12 23:08:59.491571,tiktok_ads,3448,0.77,reduce
2026-01-12 23:08:59.491571,google_youtube,5280,0.91,maintain
2026-01-12 23:08:59.491571,tv,16364,0.93,maintain
2026-01-12 23:08:59.491571,events,9282,1.09,maintain
2026-01-12 23:08:59.491571,radio,5656,0.87,reduce
2026-01-12 23:08:59.491571,google_display,3480,0.59,reduce
2026-01-12 23:08:59.491571,linkedin_ads,2242,0.68,reduce
2026-01-12 23:08:59.491571,ooh,7900,0.23,reduce
2026-01-12 23:08:59.491571,programmatic,5952,0.9,maintain
2026-01-12 23:08:59.491571,direct_mail,5277,0.56,reduce
2026-01-13 23:08:59.491571,google_search,9045,2.16,scale
2026-01-13 23:08:59.491571,meta_ads,11095,1.97,scale
2026-01-13 23:08:59.491571,podcast,4553,2.06,scale
2026-01-13 23:08:59.491571,affiliate,4271,2.64,scale
2026-01-13 23:08:59.491571,google_pmax,5576,1.13,maintain
2026-01-13 23:08:59.491571,tiktok_ads,3449,0.91,maintain
2026-01-13 23:08:59.491571,google_youtube,5271,1.0,maintain
2026-01-13 23:08:59.491571,tv,16393,1.18,maintain
2026-01-13 23:08:59.491571,events,9304,1.0,maintain
2026-01-13 23:08:59.491571,radio,5662,0.83,reduce
2026-01-13 23:08:59.491571,google_display,3485,0.5,reduce
2026-01-13 23:08:59.491571,linkedin_ads,2239,0.62,reduce
2026-01-13 23:08:59.491571,ooh,7920,0.37,reduce
2026-01-13 23:08:59.491571,programmatic,5954,1.12,maintain
2026-01-13 23:08:59.491571,direct_mail,5286,0.62,reduce
2026-01-14 23:08:59.491571,google_search,9035,2.24,scale
2026-01-14 23:08:59.491571,meta_ads,11112,2.07,scale
2026-01-14 23:08:59.491571,podcast,4549,2.05,scale
2026-01-14 23:08:59.491571,affiliate,4274,2.77,scale
2026-01-14 23:08:59.491571,google_pmax,5571,1.12,maintain
2026-01-14 23:08:59.491571,tiktok_ads,3449,1.09,maintain
2026-01-14 23:08:59.491571,google_youtube,5263,0.88,reduce
2026-01-14 23:08:59.491571,tv,16422,1.08,maintain
2026-01-14 23:08:59.491571,events,9326,1.02,maintain
2026-01-14 23:08:59.491571,radio,5668,0.85,reduce
2026-01-14 23:08:59.491571,google_display,3490,0.37,reduce
2026-01-14 23:08:59.491571,linkedin_ads,2236,0.68,reduce
2026-01-14 23:08:59.491571,ooh,7940,0.25,reduce
2026-01-14 23:08:59.491571,programmatic,5955,0.98,maintain
2026-01-14 23:08:59.491571,direct_mail,5295,0.58,reduce
2026-01-15 23:08:59.491571,google_search,9025,2.22,scale
2026-01-15 23:08:59.491571,meta_ads,11128,2.13,scale
2026-01-15 23:08:59.491571,podcast,4545,2.06,scale
2026-01-15 23:08:59.491571,affiliate,4277,2.77,scale
2026-01-15 23:08:59.491571,google_pmax,5566,1.23,maintain
2026-01-15 23:08:59.491571,tiktok_ads,3449,0.97,maintain
2026-01-15 23:08:59.491571,google_youtube,5254,0.96,maintain
2026-01-15 23:08:59.491571,tv,16451,1.13,maintain
2026-01-15 23:08:59.491571,events,9348,1.05,maintain
2026-01-15 23:08:59.491571,radio,5674,0.75,reduce
2026-01-15 23:08:59.491571,google_display,3495,0.37,reduce
2026-01-15 23:08:59.491571,linkedin_ads,2233,0.72,reduce
2026-01-15 23:08:59.491571,ooh,7960,0.26,reduce
2026-01-15 23:08:59.491571,programmatic,5957,1.04,maintain
2026-01-15 23:08:59.491571,direct_mail,5304,0.61,reduce
2026-01-16 23:08:59.491571,google_search,9014,2.29,scale
2026-01-16 23:08:59.491571,meta_ads,11144,1.99,scale
2026-01-16 23:08:59.491571,podcast,4540,2.05,scale
2026-01-16 23:08:59.491571,affiliate,4281,2.79,scale
2026-01-16 23:08:59.491571,google_pmax,5562,1.15,maintain
2026-01-16 23:08:59.491571,tiktok_ads,3449,0.96,maintain
2026-01-16 23:08:59.491571,google_youtube,5246,0.86,reduce
2026-01-16 23:08:59.491571,tv,16480,1.33,maintain
2026-01-16 23:08:59.491571,events,9371,1.24,maintain
2026-01-16 23:08:59.491571,radio,5679,0.85,reduce
2026-01-16 23:08:59.491571,google_display,3501,0.43,reduce
2026-01-16 23:08:59.491571,linkedin_ads,2230,0.63,reduce
2026-01-16 23:08:59.491571,ooh,7980,0.25,reduce
2026-01-16 23:08:59.491571,programmatic,5960,1.11,maintain
2026-01-16 23:08:59.491571,direct_mail,5314,0.71,reduce
2026-01-17 23:08:59.491571,google_search,9003,2.19,scale
2026-01-17 23:08:59.491571,meta_ads,11160,2.02,scale
2026-01-17 23:08:59.491571,podcast,4536,2.15,scale
2026-01-17 23:08:59.491571,affiliate,4284,2.85,scale
2026-01-17 23:08:59.491571,google_pmax,5557,1.21,maintain
2026-01-17 23:08:59.491571,tiktok_ads,3449,1.04,maintain
2026-01-17 23:08:59.491571,google_youtube,5238,0.98,maintain
2026-01-17 23:08:59.491571,tv,16508,0.83,reduce
2026-01-17 23:08:59.491571,events,9394,1.12,maintain
2026-01-17 23:08:59.491571,radio,5684,0.79,reduce
2026-01-17 23:08:59.491571,google_display,3506,0.5,reduce
2026-01-17 23:08:59.491571,linkedin_ads,2227,0.65,reduce
2026-01-17 23:08:59.491571,ooh,8000,0.2,reduce
2026-01-17 23:08:59.491571,programmatic,5962,1.04,maintain
2026-01-17 23:08:59.491571,direct_mail,5324,0.74,reduce
2026-01-18 23:08:59.491571,google_search,8992,2.31,scale
2026-01-18 23:08:59.491571,meta_ads,11176,2.13,scale
2026-01-18 23:08:59.491571,podcast,4531,2.11,scale
2026-01-18 23:08:59.491571,affiliate,4288,2.69,scale
2026-01-18 23:08:59.491571,google_pmax,5553,1.08,maintain
2026-01-18 23:08:59.491571,tiktok_ads,3449,1.0,maintain
2026-01-18 23:08:59.491571,google_youtube,5230,1.01,maintain
2026-01-18 23:08:59.491571,tv,16535,1.17,maintain
2026-01-18 23:08:59.491571,events,9417,1.15,maintain
2026-01-18 23:08:59.491571,radio,5689,0.95,maintain
2026-01-18 23:08:59.491571,google_display,3512,0.66,reduce
2026-01-18 23:08:59.491571,linkedin_ads,2223,0.65,reduce
2026-01-18 23:08:59.491571,ooh,8020,0.2,reduce
2026-01-18 23:08:59.491571,programmatic,5965,1.08,maintain
2026-01-18 23:08:59.491571,direct_mail,5334,0.64,reduce
2026-01-19 23:08:59.491571,google_search,8981,2.19,scale
2026-01-19 23:08:59.491571,meta_ads,11191,2.03,scale
2026-01-19 23:08:59.491571,podcast,4527,2.02,scale
2026-01-19 23:08:59.491571,affiliate,4292,2.78,scale
2026-01-19 23:08:59.491571,google_pmax,5550,0.96,maintain
2026-01-19 23:08:59.491571,tiktok_ads,3449,0.92,maintain
2026-01-19 23:08:59.491571,google_youtube,5222,1.03,maintain
2026-01-19 23:08:59.491571,tv,16563,1.14,maintain
2026-01-19 23:08:59.491571,events,9440,1.16,maintain
2026-01-19 23:08:59.491571,radio,5694,0.72,reduce
2026-01-19 23:08:59.491571,google_display,3518,0.4,reduce
2026-01-19 23:08:59.491571,linkedin_ads,2220,0.6,reduce
2026-01-19 23:08:59.491571,ooh,8040,0.3,reduce
2026-01-19 23:08:59.491571,programmatic,5968,1.08,maintain
2026-01-19 23:08:59.491571,direct_mail,5344,0.52,reduce
2026-01-20 23:08:59.491571,google_search,8969,2.23,scale
2026-01-20 23:08:59.491571,meta_ads,11206,1.96,scale
2026-01-20 23:08:59.491571,podcast,4522,1.93,scale
2026-01-20 23:08:59.491571,affiliate,4296,2.81,scale
2026-01-20 23:08:59.491571,google_pmax,5546,1.12,maintain
2026-01-20 23:08:59.491571,tiktok_ads,3449,1.05,maintain
2026-01-20 23:08:59.491571,google_youtube,5215,1.07,maintain
2026-01-20 23:08:59.491571,tv,16589,1.06,maintain
2026-01-20 23:08:59.491571,events,9463,1.07,maintain
2026-01-20 23:08:59.491571,radio,5699,0.96,maintain
2026-01-20 23:08:59.491571,google_display,3524,0.46,reduce
2026-01-20 23:08:59.491571,linkedin_ads,2216,0.69,reduce
2026-01-20 23:08:59.491571,ooh,8060,0.28,reduce
2026-01-20 23:08:59.491571,programmatic,5971,0.8,reduce
2026-01-20 23:08:59.491571,direct_mail,5354,0.52,reduce
2026-01-21 23:08:59.491571,google_search,8957,2.2,scale
2026-01-21 23:08:59.491571,meta_ads,11221,2.15,scale
2026-01-21 23:08:59.491571,podcast,4517,2.12,scale
2026-01-21 23:08:59.491571,affiliate,4301,2.81,scale
2026-01-21 23:08:59.491571,google_pmax,5543,1.0,maintain
2026-01-21 23:08:59.491571,tiktok_ads,3448,1.16,maintain
2026-01-21 23:08:59.491571,google_youtube,5208,0.92,maintain
2026-01-21 23:08:59.491571,tv,16616,1.11,maintain
2026-01-21 23:08:59.491571,events,9486,1.11,maintain
2026-01-21 23:08:59.491571,radio,5703,0.76,reduce
2026-01-21 23:08:59.491571,google_display,3530,0.58,reduce
2026-01-21 23:08:59.491571,linkedin_ads,2213,0.58,reduce
2026-01-21 23:08:59.491571,ooh,8080,0.2,reduce
2026-01-21 23:08:59.491571,programmatic,5975,0.93,maintain
2026-01-21 23:08:59.491571,direct_mail,5365,0.65,reduce
2026-01-22 23:08:59.491571,google_search,8945,2.51,scale
2026-01-22 23:08:59.491571,meta_ads,11236,2.12,scale
2026-01-22 23:08:59.491571,podcast,4512,2.02,scale
2026-01-22 23:08:59.491571,affiliate,4305,2.65,scale
2026-01-22 23:08:59.491571,google_pmax,5540,0.92,maintain
2026-01-22 23:08:59.491571,tiktok_ads,3447,0.97,maintain
2026-01-22 23:08:59.491571,google_youtube,5201,1.01,maintain
2026-01-22 23:08:59.491571,tv,16642,1.21,maintain
2026-01-22 23:08:59.491571,events,9510,1.2,maintain
2026-01-22 23:08:59.491571,radio,5707,0.79,reduce
2026-01-22 23:08:59.491571,google_display,3537,0.45,reduce
2026-01-22 23:08:59.491571,linkedin_ads,2209,0.65,reduce
2026-01-22 23:08:59.491571,ooh,8100,0.23,reduce
2026-01-22 23:08:59.491571,programmatic,5979,1.05,maintain
2026-01-22 23:08:59.491571,direct_mail,5376,0.66,reduce
2026-01-23 23:08:59.491571,google_search,8933,2.23,scale
2026-01-23 23:08:59.491571,meta_ads,11249,1.9,scale
2026-01-23 23:08:59.491571,podcast,4506,2.04,scale
2026-01-23 23:08:59.491571,affiliate,4310,2.8,scale
2026-01-23 23:08:59.491571,google_pmax,5537,0.99,maintain
2026-01-23 23:08:59.491571,tiktok_ads,3447,1.01,maintain
2026-01-23 23:08:59.491571,google_youtube,5194,1.06,maintain
2026-01-23 23:08:59.491571,tv,16667,0.98,maintain
2026-01-23 23:08:59.491571,events,9534,1.2,maintain
2026-01-23 23:08:59.491571,radio,5711,0.73,reduce
2026-01-23 23:08:59.491571,google_display,3543,0.44,reduce
2026-01-23 23:08:59.491571,linkedin_ads,2206,0.54,reduce
2026-01-23 23:08:59.491571,ooh,8119,0.3,reduce
2026-01-23 23:08:59.491571,programmatic,5983,1.09,maintain
2026-01-23 23:08:59.491571,direct_mail,5386,0.73,reduce
2026-01-24 23:08:59.491571,google_search,8920,2.17,scale
2026-01-24 23:08:59.491571,meta_ads,11263,2.17,scale
2026-01-24 23:08:59.491571,podcast,4501,2.02,scale
2026-01-24 23:08:59.491571,affiliate,4315,2.85,scale
2026-01-24 23:08:59.491571,google_pmax,5535,1.13,maintain
2026-01-24 23:08:59.491571,tiktok_ads,3446,0.85,reduce
2026-01-24 23:08:59.491571,google_youtube,5187,0.92,maintain
2026-01-24 23:08:59.491571,tv,16692,1.17,maintain
2026-01-24 23:08:59.491571,events,9557,1.13,maintain
2026-01-24 23:08:59.491571,radio,5715,0.69,reduce
2026-01-24 23:08:59.491571,google_display,3550,0.42,reduce
2026-01-24 23:08:59.491571,linkedin_ads,2202,0.47,reduce
2026-01-24 23:08:59.491571,ooh,8139,0.26,reduce
2026-01-24 23:08:59.491571,programmatic,5988,1.05,maintain
2026-01-24 23:08:59.491571,direct_mail,5397,0.73,reduce
2026-01-25 23:08:59.491571,google_search,8907,2.41,scale
2026-01-25 23:08:59.491571,meta_ads,11276,2.15,scale
2026-01-25 23:08:59.491571,podcast,4495,2.13,scale
2026-01-25 23:08:59.491571,affiliate,4321,2.9,scale
2026-01-25 23:08:59.491571,google_pmax,5532,1.1,maintain
2026-01-25 23:08:59.491571,tiktok_ads,3445,1.09,maintain
2026-01-25 23:08:59.491571,google_youtube,5181,1.08,maintain
2026-01-25 23:08:59.491571,tv,16716,1.21,maintain
2026-01-25 23:08:59.491571,events,9581,1.08,maintain
2026-01-25 23:08:59.491571,radio,5719,0.71,reduce
2026-01-25 23:08:59.491571,google_display,3556,0.48,reduce
2026-01-25 23:08:59.491571,linkedin_ads,2198,0.69,reduce
2026-01-25 23:08:59.491571,ooh,8159,0.33,reduce
2026-01-25 23:08:59.491571,programmatic,5993,0.74,reduce
2026-01-25 23:08:59.491571,direct_mail,5409,0.82,reduce
2026-01-26 23:08:59.491571,google_search,8894,2.18,scale
2026-01-26 23:08:59.491571,meta_ads,11289,2.06,scale
2026-01-26 23:08:59.491571,podcast,4490,1.97,scale
2026-01-26 23:08:59.491571,affiliate,4326,2.96,scale
2026-01-26 23:08:59.491571,google_pmax,5530,1.08,maintain
2026-01-26 23:08:59.491571,tiktok_ads,3444,1.06,maintain
2026-01-26 23:08:59.491571,google_youtube,5175,1.07,maintain
2026-01-26 23:08:59.491571,tv,16740,1.16,maintain
2026-01-26 23:08:59.491571,events,9606,1.11,maintain
2026-01-26 23:08:59.491571,radio,5722,0.83,reduce
2026-01-26 23:08:59.491571,google_display,3563,0.4,reduce
2026-01-26 23:08:59.491571,linkedin_ads,2195,0.58,reduce
2026-01-26 23:08:59.491571,ooh,8179,0.2,reduce
2026-01-26 23:08:59.491571,programmatic,5998,0.73,reduce
2026-01-26 23:08:59.491571,direct_mail,5420,0.81,reduce
2026-01-27 23:08:59.491571,google_search,8880,2.36,scale
2026-01-27 23:08:59.491571,meta_ads,11302,2.09,scale
2026-01-27 23:08:59.491571,podcast,4484,2.18,scale
2026-01-27 23:08:59.491571,affiliate,4332,2.73,scale
2026-01-27 23:08:59.491571,google_pmax,5529,1.04,maintain
2026-01-27 23:08:59.491571,tiktok_ads,3442,1.15,maintain
2026-01-27 23:08:59.491571,google_youtube,5169,0.99,maintain
2026-01-27 23:08:59.491571,tv,16764,1.08,maintain
2026-01-27 23:08:59.491571,events,9630,1.21,maintain
2026-01-27 23:08:59.491571,radio,5726,0.77,reduce
2026-01-27 23:08:59.491571,google_display,3570,0.52,reduce
2026-01-27 23:08:59.491571,linkedin_ads,2191,0.7,reduce
2026-01-27 23:08:59.491571,ooh,8199,0.29,reduce
2026-01-27 23:08:59.491571,programmatic,6003,0.73,reduce
2026-01-27 23:08:59.491571,direct_mail,5432,0.55,reduce
2026-01-28 23:08:59.491571,google_search,8867,2.24,scale
2026-01-28 23:08:59.491571,meta_ads,11314,2.08,scale
2026-01-28 23:08:59.491571,podcast,4478,2.05,scale
2026-01-28 23:08:59.491571,affiliate,4337,2.74,scale
2026-01-28 23:08:59.491571,google_pmax,5527,1.26,maintain
2026-01-28 23:08:59.491571,tiktok_ads,3441,1.06,maintain
2026-01-28 23:08:59.491571,google_youtube,5163,0.84,reduce
2026-01-28 23:08:59.491571,tv,16787,1.13,maintain
2026-01-28 23:08:59.491571,events,9654,1.1,maintain
2026-01-28 23:08:59.491571,radio,5729,0.78,reduce
2026-01-28 23:08:59.491571,google_display,3577,0.5,reduce
2026-01-28 23:08:59.491571,linkedin_ads,2187,0.72,reduce
2026-01-28 23:08:59.491571,ooh,8218,0.2,reduce
2026-01-28 23:08:59.491571,programmatic,6009,0.75,reduce
2026-01-28 23:08:59.491571,direct_mail,5443,0.69,reduce
2026-01-29 23:08:59.491571,google_search,8853,2.29,scale
2026-01-29 23:08:59.491571,meta_ads,11326,2.27,scale
2026-01-29 23:08:59.491571,podcast,4472,2.12,scale
2026-01-29 23:08:59.491571,affiliate,4343,2.74,scale
2026-01-29 23:08:59.491571,google_pmax,5526,0.98,maintain
2026-01-29 23:08:59.491571,tiktok_ads,3439,1.14,maintain
2026-01-29 23:08:59.491571,google_youtube,5158,0.95,maintain
2026-01-29 23:08:59.491571,tv,16809,1.15,maintain
2026-01-29 23:08:59.491571,events,9678,1.15,maintain
2026-01-29 23:08:59.491571,radio,5731,0.65,reduce
2026-01-29 23:08:59.491571,google_display,3584,0.42,reduce
2026-01-29 23:08:59.491571,linkedin_ads,2183,0.69,reduce
2026-01-29 23:08:59.491571,ooh,8238,0.28,reduce
2026-01-29 23:08:59.491571,programmatic,6015,0.82,reduce
2026-01-29 23:08:59.491571,direct_mail,5455,0.69,reduce
2026-01-30 23:08:59.491571,google_search,8839,2.36,scale
2026-01-30 23:08:59.491571,meta_ads,11338,2.12,scale
2026-01-30 23:08:59.491571,podcast,4466,2.01,scale
2026-01-30 23:08:59.491571,affiliate,4349,2.67,scale
2026-01-30 23:08:59.491571,google_pmax,5525,1.07,maintain
2026-01-30 23:08:59.491571,tiktok_ads,3438,1.01,maintain
2026-01-30 23:08:59.491571,google_youtube,5153,0.99,maintain
2026-01-30 23:08:59.491571,tv,16831,1.08,maintain
2026-01-30 23:08:59.491571,events,9703,1.02,maintain
2026-01-30 23:08:59.491571,radio,5734,0.68,reduce
2026-01-30 23:08:59.491571,google_display,3591,0.52,reduce
2026-01-30 23:08:59.491571,linkedin_ads,2179,0.63,reduce
2026-01-30 23:08:59.491571,ooh,8258,0.26,reduce
2026-01-30 23:08:59.491571,programmatic,6021,0.78,reduce
2026-01-30 23:08:59.491571,direct_mail,5467,0.66,reduce
