date,channel,last_click_roas,data_driven_roas,assist_ratio
2025-11-01 23:08:59.491571,google_search,4.37,3.77,0.0
2025-11-01 23:08:59.491571,affiliate,3.71,3.02,0.0
2025-11-01 23:08:59.491571,google_pmax,2.92,2.9,0.0
2025-11-01 23:08:59.491571,direct_mail,1.36,1.62,0.16
2025-11-01 23:08:59.491571,google_display,0.99,1.93,0.49
2025-11-01 23:08:59.491571,google_youtube,0.48,1.64,0.71
2025-11-01 23:08:59.491571,meta_ads,2.44,3.64,0.33
2025-11-01 23:08:59.491571,tiktok_ads,1.53,2.86,0.46
2025-11-01 23:08:59.491571,linkedin_ads,1.19,1.82,0.34
2025-11-01 23:08:59.491571,programmatic,0.91,2.06,0.56
2025-11-01 23:08:59.491571,tv,0.24,1.26,0.81
2025-11-01 23:08:59.491571,podcast,0.43,1.46,0.71
2025-11-01 23:08:59.491571,radio,0.28,1.1,0.75
2025-11-01 23:08:59.491571,ooh,0.15,0.89,0.83
2025-11-01 23:08:59.491571,events,0.9,2.42,0.63
2025-11-02 23:08:59.491571,google_search,3.92,3.1,0.0
2025-11-02 23:08:59.491571,affiliate,4.66,3.0,0.0
2025-11-02 23:08:59.491571,google_pmax,2.83,2.82,0.0
2025-11-02 23:08:59.491571,direct_mail,1.5,1.77,0.15
2025-11-02 23:08:59.491571,google_display,1.11,1.94,0.43
2025-11-02 23:08:59.491571,google_youtube,0.45,1.6,0.72
2025-11-02 23:08:59.491571,meta_ads,2.19,3.25,0.33
2025-11-02 23:08:59.491571,tiktok_ads,1.34,2.17,0.38
2025-11-02 23:08:59.491571,linkedin_ads,1.12,1.6,0.3
2025-11-02 23:08:59.491571,programmatic,0.79,1.69,0.53
2025-11-02 23:08:59.491571,tv,0.27,1.35,0.8
2025-11-02 23:08:59.491571,podcast,0.61,1.96,0.69
2025-11-02 23:08:59.491571,radio,0.36,1.43,0.75
2025-11-02 23:08:59.491571,ooh,0.16,0.94,0.83
2025-11-02 23:08:59.491571,events,0.93,2.59,0.64
2025-11-03 23:08:59.491571,google_search,3.2,2.78,0.0
2025-11-03 23:08:59.491571,affiliate,4.04,2.9,0.0
2025-11-03 23:08:59.491571,google_pmax,3.54,3.44,0.0
2025-11-03 23:08:59.491571,direct_mail,1.66,1.62,0.0
2025-11-03 23:08:59.491571,google_display,1.05,1.8,0.42
2025-11-03 23:08:59.491571,google_youtube,0.46,1.57,0.71
2025-11-03 23:08:59.491571,meta_ads,2.39,3.59,0.33
2025-11-03 23:08:59.491571,tiktok_ads,1.5,2.58,0.42
2025-11-03 23:08:59.491571,linkedin_ads,1.43,2.04,0.3
2025-11-03 23:08:59.491571,programmatic,0.59,1.33,0.55
2025-11-03 23:08:59.491571,tv,0.22,1.11,0.8
2025-11-03 23:08:59.491571,podcast,0.57,1.87,0.69
2025-11-03 23:08:59.491571,radio,0.41,1.59,0.74
2025-11-03 23:08:59.491571,ooh,0.14,0.84,0.83
2025-11-03 23:08:59.491571,events,0.95,2.59,0.63
2025-11-04 23:08:59.491571,google_search,3.53,3.17,0.0
2025-11-04 23:08:59.491571,affiliate,4.19,2.79,0.0
2025-11-04 23:08:59.491571,google_pmax,2.28,2.9,0.21
2025-11-04 23:08:59.491571,direct_mail,1.34,1.5,0.11
2025-11-04 23:08:59.491571,google_display,1.0,1.98,0.5
2025-11-04 23:08:59.491571,google_youtube,0.42,1.56,0.73
2025-11-04 23:08:59.491571,meta_ads,2.4,3.46,0.31
2025-11-04 23:08:59.491571,tiktok_ads,1.32,2.46,0.46
2025-11-04 23:08:59.491571,linkedin_ads,1.1,1.78,0.39
2025-11-04 23:08:59.491571,programmatic,0.71,1.55,0.54
2025-11-04 23:08:59.491571,tv,0.23,1.14,0.8
2025-11-04 23:08:59.491571,podcast,0.65,2.13,0.69
2025-11-04 23:08:59.491571,radio,0.4,1.53,0.74
2025-11-04 23:08:59.491571,ooh,0.17,1.06,0.84
2025-11-04 23:08:59.491571,events,0.76,2.26,0.67
2025-11-05 23:08:59.491571,google_search,3.68,2.62,0.0
2025-11-05 23:08:59.491571,affiliate,4.33,3.27,0.0
2025-11-05 23:08:59.491571,google_pmax,2.52,2.49,0.0
2025-11-05 23:08:59.491571,direct_mail,1.71,1.97,0.13
2025-11-05 23:08:59.491571,google_display,1.07,1.95,0.45
2025-11-05 23:08:59.491571,google_youtube,0.53,1.83,0.71
2025-11-05 23:08:59.491571,meta_ads,2.26,2.96,0.24
2025-11-05 23:08:59.491571,tiktok_ads,1.73,3.01,0.42
2025-11-05 23:08:59.491571,linkedin_ads,1.36,2.01,0.32
2025-11-05 23:08:59.491571,programmatic,0.82,1.76,0.53
2025-11-05 23:08:59.491571,tv,0.22,1.06,0.79
2025-11-05 23:08:59.491571,podcast,0.52,1.66,0.68
2025-11-05 23:08:59.491571,radio,0.36,1.47,0.76
2025-11-05 23:08:59.491571,ooh,0.14,0.84,0.83
2025-11-05 23:08:59.491571,events,0.66,1.88,0.65
2025-11-06 23:08:59.491571,google_search,4.43,4.33,0.0
2025-11-06 23:08:59.491571,affiliate,4.88,3.49,0.0
2025-11-06 23:08:59.491571,google_pmax,3.37,3.65,0.08
2025-11-06 23:08:59.491571,direct_mail,1.72,1.93,0.11
2025-11-06 23:08:59.491571,google_display,0.84,1.45,0.42
2025-11-06 23:08:59.491571,google_youtube,0.5,1.75,0.71
2025-11-06 23:08:59.491571,meta_ads,2.71,3.81,0.29
2025-11-06 23:08:59.491571,tiktok_ads,1.71,3.01,0.43
2025-11-06 23:08:59.491571,linkedin_ads,1.16,1.58,0.27
2025-11-06 23:08:59.491571,programmatic,0.73,1.64,0.56
2025-11-06 23:08:59.491571,tv,0.25,1.27,0.8
2025-11-06 23:08:59.491571,podcast,0.61,1.94,0.68
2025-11-06 23:08:59.491571,radio,0.44,1.76,0.75
2025-11-06 23:08:59.491571,ooh,0.17,1.02,0.83
2025-11-06 23:08:59.491571,events,0.87,2.51,0.65
2025-11-07 23:08:59.491571,google_search,3.9,2.39,0.0
2025-11-07 23:08:59.491571,affiliate,4.51,3.49,0.0
2025-11-07 23:08:59.491571,google_pmax,2.98,3.26,0.09
2025-11-07 23:08:59.491571,direct_mail,1.27,1.37,0.07
2025-11-07 23:08:59.491571,google_display,1.05,1.93,0.46
2025-11-07 23:08:59.491571,google_youtube,0.57,2.0,0.71
2025-11-07 23:08:59.491571,meta_ads,2.31,3.23,0.29
2025-11-07 23:08:59.491571,tiktok_ads,1.32,2.08,0.36
2025-11-07 23:08:59.491571,linkedin_ads,1.26,1.92,0.34
2025-11-07 23:08:59.491571,programmatic,0.74,1.51,0.51
2025-11-07 23:08:59.491571,tv,0.27,1.34,0.8
2025-11-07 23:08:59.491571,podcast,0.64,2.17,0.7
2025-11-07 23:08:59.491571,radio,0.26,1.02,0.75
2025-11-07 23:08:59.491571,ooh,0.15,0.9,0.84
2025-11-07 23:08:59.491571,events,0.64,1.92,0.67
2025-11-08 23:08:59.491571,google_search,3.86,3.25,0.0
2025-11-08 23:08:59.491571,affiliate,4.39,2.66,0.0
2025-11-08 23:08:59.491571,google_pmax,3.15,2.97,0.0
2025-11-08 23:08:59.491571,direct_mail,1.67,1.85,0.1
2025-11-08 23:08:59.491571,google_display,0.91,1.87,0.51
2025-11-08 23:08:59.491571,google_youtube,0.53,1.87,0.72
2025-11-08 23:08:59.491571,meta_ads,2.5,3.15,0.21
2025-11-08 23:08:59.491571,tiktok_ads,1.82,2.81,0.35
2025-11-08 23:08:59.491571,linkedin_ads,1.09,1.58,0.31
2025-11-08 23:08:59.491571,programmatic,0.86,1.9,0.55
2025-11-08 23:08:59.491571,tv,0.24,1.22,0.8
2025-11-08 23:08:59.491571,podcast,0.53,1.62,0.67
2025-11-08 23:08:59.491571,radio,0.38,1.55,0.75
2025-11-08 23:08:59.491571,ooh,0.18,1.06,0.83
2025-11-08 23:08:59.491571,events,0.87,2.4,0.64
2025-11-09 23:08:59.491571,google_search,4.34,4.14,0.0
2025-11-09 23:08:59.491571,affiliate,4.61,2.84,0.0
2025-11-09 23:08:59.491571,google_pmax,3.12,3.48,0.1
2025-11-09 23:08:59.491571,direct_mail,1.47,1.49,0.02
2025-11-09 23:08:59.491571,google_display,0.97,1.88,0.49
2025-11-09 23:08:59.491571,google_youtube,0.57,1.93,0.7
2025-11-09 23:08:59.491571,meta_ads,1.89,2.89,0.35
2025-11-09 23:08:59.491571,tiktok_ads,1.3,2.4,0.46
2025-11-09 23:08:59.491571,linkedin_ads,1.11,1.85,0.4
2025-11-09 23:08:59.491571,programmatic,0.73,1.68,0.57
2025-11-09 23:08:59.491571,tv,0.26,1.28,0.8
2025-11-09 23:08:59.491571,podcast,0.46,1.37,0.66
2025-11-09 23:08:59.491571,radio,0.34,1.37,0.75
2025-11-09 23:08:59.491571,ooh,0.13,0.76,0.83
2025-11-09 23:08:59.491571,events,0.85,2.44,0.65
2025-11-10 23:08:59.491571,google_search,3.74,3.47,0.0
2025-11-10 23:08:59.491571,affiliate,3.87,2.38,0.0
2025-11-10 23:08:59.491571,google_pmax,3.35,3.54,0.05
2025-11-10 23:08:59.491571,direct_mail,1.62,2.24,0.28
2025-11-10 23:08:59.491571,google_display,0.83,1.56,0.47
2025-11-10 23:08:59.491571,google_youtube,0.6,2.08,0.71
2025-11-10 23:08:59.491571,meta_ads,2.43,3.16,0.23
2025-11-10 23:08:59.491571,tiktok_ads,1.38,2.53,0.46
2025-11-10 23:08:59.491571,linkedin_ads,1.31,2.12,0.38
2025-11-10 23:08:59.491571,programmatic,0.95,2.09,0.54
2025-11-10 23:08:59.491571,tv,0.29,1.42,0.8
2025-11-10 23:08:59.491571,podcast,0.66,2.14,0.69
2025-11-10 23:08:59.491571,radio,0.37,1.49,0.75
2025-11-10 23:08:59.491571,ooh,0.12,0.71,0.83
2025-11-10 23:08:59.491571,events,0.81,2.13,0.62
2025-11-11 23:08:59.491571,google_search,4.18,3.92,0.0
2025-11-11 23:08:59.491571,affiliate,4.68,2.52,0.0
2025-11-11 23:08:59.491571,google_pmax,3.26,4.09,0.2
2025-11-11 23:08:59.491571,direct_mail,1.63,1.96,0.17
2025-11-11 23:08:59.491571,google_display,1.02,1.9,0.46
2025-11-11 23:08:59.491571,google_youtube,0.49,1.72,0.71
2025-11-11 23:08:59.491571,meta_ads,2.44,3.99,0.39
2025-11-11 23:08:59.491571,tiktok_ads,1.25,2.23,0.44
2025-11-11 23:08:59.491571,linkedin_ads,1.03,1.71,0.4
2025-11-11 23:08:59.491571,programmatic,0.74,1.53,0.51
2025-11-11 23:08:59.491571,tv,0.27,1.39,0.81
2025-11-11 23:08:59.491571,podcast,0.65,2.09,0.69
2025-11-11 23:08:59.491571,radio,0.37,1.52,0.76
2025-11-11 23:08:59.491571,ooh,0.13,0.8,0.83
2025-11-11 23:08:59.491571,events,0.76,2.03,0.63
2025-11-12 23:08:59.491571,google_search,3.65,3.51,0.0
2025-11-12 23:08:59.491571,affiliate,4.81,3.43,0.0
2025-11-12 23:08:59.491571,google_pmax,2.85,3.14,0.09
2025-11-12 23:08:59.491571,direct_mail,1.45,1.62,0.11
2025-11-12 23:08:59.491571,google_display,1.02,1.87,0.45
2025-11-12 23:08:59.491571,google_youtube,0.52,1.81,0.71
2025-11-12 23:08:59.491571,meta_ads,2.1,3.6,0.42
2025-11-12 23:08:59.491571,tiktok_ads,1.66,3.06,0.46
2025-11-12 23:08:59.491571,linkedin_ads,1.17,1.7,0.31
2025-11-12 23:08:59.491571,programmatic,0.79,1.76,0.55
2025-11-12 23:08:59.491571,tv,0.19,0.94,0.79
2025-11-12 23:08:59.491571,podcast,0.55,1.78,0.69
2025-11-12 23:08:59.491571,radio,0.34,1.41,0.76
2025-11-12 23:08:59.491571,ooh,0.12,0.73,0.83
2025-11-12 23:08:59.491571,events,0.95,2.66,0.64
2025-11-13 23:08:59.491571,google_search,4.2,4.44,0.05
2025-11-13 23:08:59.491571,affiliate,4.13,2.64,0.0
2025-11-13 23:08:59.491571,google_pmax,2.71,2.31,0.0
2025-11-13 23:08:59.491571,direct_mail,1.54,1.91,0.19
2025-11-13 23:08:59.491571,google_display,1.06,1.98,0.46
2025-11-13 23:08:59.491571,google_youtube,0.48,1.64,0.71
2025-11-13 23:08:59.491571,meta_ads,2.54,3.42,0.26
2025-11-13 23:08:59.491571,tiktok_ads,1.55,2.82,0.45
2025-11-13 23:08:59.491571,linkedin_ads,1.41,2.25,0.37
2025-11-13 23:08:59.491571,programmatic,0.68,1.41,0.52
2025-11-13 23:08:59.491571,tv,0.27,1.34,0.8
2025-11-13 23:08:59.491571,podcast,0.57,1.87,0.7
2025-11-13 23:08:59.491571,radio,0.36,1.43,0.75
2025-11-13 23:08:59.491571,ooh,0.16,0.98,0.83
2025-11-13 23:08:59.491571,events,0.95,2.59,0.63
2025-11-14 23:08:59.491571,google_search,4.1,4.07,0.0
2025-11-14 23:08:59.491571,affiliate,3.76,2.31,0.0
2025-11-14 23:08:59.491571,google_pmax,3.18,3.71,0.14
2025-11-14 23:08:59.491571,direct_mail,1.57,1.69,0.07
2025-11-14 23:08:59.491571,google_display,1.11,2.14,0.48
2025-11-14 23:08:59.491571,google_youtube,0.43,1.45,0.7
2025-11-14 23:08:59.491571,meta_ads,2.26,3.31,0.32
2025-11-14 23:08:59.491571,tiktok_ads,1.45,2.7,0.46
2025-11-14 23:08:59.491571,linkedin_ads,1.1,1.41,0.22
2025-11-14 23:08:59.491571,programmatic,0.76,1.68,0.55
2025-11-14 23:08:59.491571,tv,0.24,1.18,0.8
2025-11-14 23:08:59.491571,podcast,0.47,1.48,0.68
2025-11-14 23:08:59.491571,radio,0.39,1.6,0.76
2025-11-14 23:08:59.491571,ooh,0.17,1.01,0.83
2025-11-14 23:08:59.491571,events,0.69,1.96,0.65
2025-11-15 23:08:59.491571,google_search,4.09,3.64,0.0
2025-11-15 23:08:59.491571,affiliate,3.41,1.92,0.0
2025-11-15 23:08:59.491571,google_pmax,2.79,3.07,0.09
2025-11-15 23:08:59.491571,direct_mail,1.75,2.03,0.14
2025-11-15 23:08:59.491571,google_display,1.04,1.88,0.45
2025-11-15 23:08:59.491571,google_youtube,0.54,1.91,0.72
2025-11-15 23:08:59.491571,meta_ads,2.22,3.04,0.27
2025-11-15 23:08:59.491571,tiktok_ads,1.51,2.8,0.46
2025-11-15 23:08:59.491571,linkedin_ads,1.24,1.9,0.35
2025-11-15 23:08:59.491571,programmatic,0.93,2.07,0.55
2025-11-15 23:08:59.491571,tv,0.23,1.17,0.8
2025-11-15 23:08:59.491571,podcast,0.5,1.55,0.68
2025-11-15 23:08:59.491571,radio,0.36,1.48,0.75
2025-11-15 23:08:59.491571,ooh,0.13,0.76,0.83
2025-11-15 23:08:59.491571,events,0.74,2.04,0.64
2025-11-16 23:08:59.491571,google_search,4.23,3.89,0.0
2025-11-16 23:08:59.491571,affiliate,4.49,2.67,0.0
2025-11-16 23:08:59.491571,google_pmax,2.35,2.8,0.16
2025-11-16 23:08:59.491571,direct_mail,1.71,1.85,0.07
2025-11-16 23:08:59.491571,google_display,1.09,1.95,0.44
2025-11-16 23:08:59.491571,google_youtube,0.48,1.71,0.72
2025-11-16 23:08:59.491571,meta_ads,2.0,2.74,0.27
2025-11-16 23:08:59.491571,tiktok_ads,1.52,2.66,0.43
2025-11-16 23:08:59.491571,linkedin_ads,1.3,2.19,0.41
2025-11-16 23:08:59.491571,programmatic,0.73,1.48,0.51
2025-11-16 23:08:59.491571,tv,0.19,0.95,0.8
2025-11-16 23:08:59.491571,podcast,0.55,1.78,0.69
2025-11-16 23:08:59.491571,radio,0.36,1.37,0.74
2025-11-16 23:08:59.491571,ooh,0.12,0.71,0.83
2025-11-16 23:08:59.491571,events,0.81,2.24,0.64
2025-11-17 23:08:59.491571,google_search,3.04,2.73,0.0
2025-11-17 23:08:59.491571,affiliate,5.19,3.52,0.0
2025-11-17 23:08:59.491571,google_pmax,2.52,2.65,0.05
2025-11-17 23:08:59.491571,direct_mail,1.34,1.68,0.2
2025-11-17 23:08:59.491571,google_display,1.01,1.64,0.38
2025-11-17 23:08:59.491571,google_youtube,0.48,1.71,0.72
2025-11-17 23:08:59.491571,meta_ads,2.11,2.9,0.27
2025-11-17 23:08:59.491571,tiktok_ads,1.28,2.38,0.46
2025-11-17 23:08:59.491571,linkedin_ads,1.11,1.42,0.22
2025-11-17 23:08:59.491571,programmatic,0.76,1.76,0.56
2025-11-17 23:08:59.491571,tv,0.24,1.23,0.81
2025-11-17 23:08:59.491571,podcast,0.63,2.04,0.69
2025-11-17 23:08:59.491571,radio,0.34,1.38,0.75
2025-11-17 23:08:59.491571,ooh,0.15,0.87,0.83
2025-11-17 23:08:59.491571,events,0.85,2.3,0.63
2025-11-18 23:08:59.491571,google_search,3.31,2.44,0.0
2025-11-18 23:08:59.491571,affiliate,5.6,3.94,0.0
2025-11-18 23:08:59.491571,google_pmax,2.9,2.74,0.0
2025-11-18 23:08:59.491571,direct_mail,1.72,1.96,0.12
2025-11-18 23:08:59.491571,google_display,1.03,1.75,0.41
2025-11-18 23:08:59.491571,google_youtube,0.51,1.76,0.71
2025-11-18 23:08:59.491571,meta_ads,2.0,2.94,0.32
2025-11-18 23:08:59.491571,tiktok_ads,1.22,2.27,0.46
2025-11-18 23:08:59.491571,linkedin_ads,1.3,1.83,0.29
2025-11-18 23:08:59.491571,programmatic,0.72,1.57,0.54
2025-11-18 23:08:59.491571,tv,0.26,1.29,0.8
2025-11-18 23:08:59.491571,podcast,0.63,2.13,0.7
2025-11-18 23:08:59.491571,radio,0.33,1.26,0.74
2025-11-18 23:08:59.491571,ooh,0.16,1.02,0.84
2025-11-18 23:08:59.491571,events,0.84,2.25,0.63
2025-11-19 23:08:59.491571,google_search,3.74,2.76,0.0
2025-11-19 23:08:59.491571,affiliate,4.85,2.5,0.0
2025-11-19 23:08:59.491571,google_pmax,2.7,2.56,0.0
2025-11-19 23:08:59.491571,direct_mail,1.62,1.81,0.1
2025-11-19 23:08:59.491571,google_display,1.02,1.84,0.45
2025-11-19 23:08:59.491571,google_youtube,0.44,1.57,0.72
2025-11-19 23:08:59.491571,meta_ads,2.19,2.85,0.23
2025-11-19 23:08:59.491571,tiktok_ads,1.9,3.52,0.46
2025-11-19 23:08:59.491571,linkedin_ads,1.18,1.93,0.39
2025-11-19 23:08:59.491571,programmatic,0.98,2.13,0.54
2025-11-19 23:08:59.491571,tv,0.26,1.28,0.8
2025-11-19 23:08:59.491571,podcast,0.59,1.87,0.69
2025-11-19 23:08:59.491571,radio,0.36,1.44,0.75
2025-11-19 23:08:59.491571,ooh,0.16,0.96,0.83
2025-11-19 23:08:59.491571,events,0.68,1.85,0.63
2025-11-20 23:08:59.491571,google_search,3.55,2.92,0.0
2025-11-20 23:08:59.491571,affiliate,5.07,2.7,0.0
2025-11-20 23:08:59.491571,google_pmax,2.68,3.07,0.13
2025-11-20 23:08:59.491571,direct_mail,1.54,1.84,0.16
2025-11-20 23:08:59.491571,google_display,0.98,1.8,0.45
2025-11-20 23:08:59.491571,google_youtube,0.49,1.73,0.72
2025-11-20 23:08:59.491571,meta_ads,1.79,2.44,0.27
2025-11-20 23:08:59.491571,tiktok_ads,1.55,2.88,0.46
2025-11-20 23:08:59.491571,linkedin_ads,1.41,2.07,0.32
2025-11-20 23:08:59.491571,programmatic,0.94,2.01,0.53
2025-11-20 23:08:59.491571,tv,0.29,1.47,0.8
2025-11-20 23:08:59.491571,podcast,0.53,1.73,0.69
2025-11-20 23:08:59.491571,radio,0.35,1.41,0.75
2025-11-20 23:08:59.491571,ooh,0.15,0.87,0.83
2025-11-20 23:08:59.491571,events,0.93,2.6,0.64
2025-11-21 23:08:59.491571,google_search,4.18,3.46,0.0
2025-11-21 23:08:59.491571,affiliate,5.4,3.14,0.0
2025-11-21 23:08:59.491571,google_pmax,2.59,3.12,0.17
2025-11-21 23:08:59.491571,direct_mail,1.51,1.98,0.24
2025-11-21 23:08:59.491571,google_display,1.11,1.98,0.44
2025-11-21 23:08:59.491571,google_youtube,0.39,1.37,0.71
2025-11-21 23:08:59.491571,meta_ads,2.23,3.38,0.34
2025-11-21 23:08:59.491571,tiktok_ads,1.79,3.09,0.42
2025-11-21 23:08:59.491571,linkedin_ads,1.32,2.07,0.37
2025-11-21 23:08:59.491571,programmatic,0.9,2.03,0.56
2025-11-21 23:08:59.491571,tv,0.19,0.96,0.8
2025-11-21 23:08:59.491571,podcast,0.52,1.64,0.69
2025-11-21 23:08:59.491571,radio,0.39,1.58,0.75
2025-11-21 23:08:59.491571,ooh,0.17,1.03,0.83
2025-11-21 23:08:59.491571,events,0.68,1.72,0.61
2025-11-22 23:08:59.491571,google_search,3.87,3.2,0.0
2025-11-22 23:08:59.491571,affiliate,3.97,1.91,0.0
2025-11-22 23:08:59.491571,google_pmax,2.55,2.63,0.03
2025-11-22 23:08:59.491571,direct_mail,1.73,2.02,0.14
2025-11-22 23:08:59.491571,google_display,1.19,2.02,0.41
2025-11-22 23:08:59.491571,google_youtube,0.55,1.94,0.71
2025-11-22 23:08:59.491571,meta_ads,2.38,3.23,0.26
2025-11-22 23:08:59.491571,tiktok_ads,1.69,3.1,0.45
2025-11-22 23:08:59.491571,linkedin_ads,1.1,1.65,0.33
2025-11-22 23:08:59.491571,programmatic,0.78,1.75,0.56
2025-11-22 23:08:59.491571,tv,0.21,1.07,0.8
2025-11-22 23:08:59.491571,podcast,0.63,2.01,0.69
2025-11-22 23:08:59.491571,radio,0.41,1.66,0.75
2025-11-22 23:08:59.491571,ooh,0.15,0.9,0.83
2025-11-22 23:08:59.491571,events,0.83,2.35,0.65
2025-11-23 23:08:59.491571,google_search,2.97,2.43,0.0
2025-11-23 23:08:59.491571,affiliate,3.7,2.88,0.0
2025-11-23 23:08:59.491571,google_pmax,2.78,2.86,0.03
2025-11-23 23:08:59.491571,direct_mail,1.77,2.11,0.16
2025-11-23 23:08:59.491571,google_display,0.86,1.55,0.44
2025-11-23 23:08:59.491571,google_youtube,0.48,1.6,0.7
2025-11-23 23:08:59.491571,meta_ads,2.02,2.79,0.28
2025-11-23 23:08:59.491571,tiktok_ads,1.48,2.44,0.39
2025-11-23 23:08:59.491571,linkedin_ads,1.37,2.03,0.33
2025-11-23 23:08:59.491571,programmatic,0.8,1.8,0.55
2025-11-23 23:08:59.491571,tv,0.23,1.14,0.8
2025-11-23 23:08:59.491571,podcast,0.57,1.78,0.68
2025-11-23 23:08:59.491571,radio,0.37,1.55,0.76
2025-11-23 23:08:59.491571,ooh,0.16,0.99,0.84
2025-11-23 23:08:59.491571,events,0.75,1.98,0.62
2025-11-24 23:08:59.491571,google_search,4.48,4.73,0.05
2025-11-24 23:08:59.491571,affiliate,5.33,3.29,0.0
2025-11-24 23:08:59.491571,google_pmax,2.41,2.28,0.0
2025-11-24 23:08:59.491571,direct_mail,1.28,1.45,0.12
2025-11-24 23:08:59.491571,google_display,1.19,2.13,0.44
2025-11-24 23:08:59.491571,google_youtube,0.52,1.88,0.73
2025-11-24 23:08:59.491571,meta_ads,2.09,3.36,0.38
2025-11-24 23:08:59.491571,tiktok_ads,1.86,3.32,0.44
2025-11-24 23:08:59.491571,linkedin_ads,1.12,1.75,0.36
2025-11-24 23:08:59.491571,programmatic,0.77,1.6,0.52
2025-11-24 23:08:59.491571,tv,0.29,1.48,0.8
2025-11-24 23:08:59.491571,podcast,0.61,1.88,0.67
2025-11-24 23:08:59.491571,radio,0.3,1.2,0.75
2025-11-24 23:08:59.491571,ooh,0.14,0.84,0.83
2025-11-24 23:08:59.491571,events,0.9,2.58,0.65
2025-11-25 23:08:59.491571,google_search,4.43,3.33,0.0
2025-11-25 23:08:59.491571,affiliate,4.31,3.13,0.0
2025-11-25 23:08:59.491571,google_pmax,2.95,3.55,0.17
2025-11-25 23:08:59.491571,direct_mail,1.68,2.24,0.25
2025-11-25 23:08:59.491571,google_display,1.06,2.03,0.48
2025-11-25 23:08:59.491571,google_youtube,0.48,1.68,0.71
2025-11-25 23:08:59.491571,meta_ads,2.44,3.81,0.36
2025-11-25 23:08:59.491571,tiktok_ads,1.63,2.92,0.44
2025-11-25 23:08:59.491571,linkedin_ads,1.4,1.79,0.22
2025-11-25 23:08:59.491571,programmatic,0.66,1.5,0.56
2025-11-25 23:08:59.491571,tv,0.25,1.27,0.8
2025-11-25 23:08:59.491571,podcast,0.6,1.97,0.69
2025-11-25 23:08:59.491571,radio,0.32,1.28,0.75
2025-11-25 23:08:59.491571,ooh,0.17,1.03,0.84
2025-11-25 23:08:59.491571,events,0.99,2.81,0.65
2025-11-26 23:08:59.491571,google_search,3.92,2.74,0.0
2025-11-26 23:08:59.491571,affiliate,4.21,2.66,0.0
2025-11-26 23:08:59.491571,google_pmax,3.15,3.12,0.0
2025-11-26 23:08:59.491571,direct_mail,1.75,2.02,0.13
2025-11-26 23:08:59.491571,google_display,0.98,1.79,0.45
2025-11-26 23:08:59.491571,google_youtube,0.48,1.65,0.71
2025-11-26 23:08:59.491571,meta_ads,1.75,2.41,0.27
2025-11-26 23:08:59.491571,tiktok_ads,1.41,2.47,0.43
2025-11-26 23:08:59.491571,linkedin_ads,1.26,1.97,0.36
2025-11-26 23:08:59.491571,programmatic,0.82,1.89,0.57
2025-11-26 23:08:59.491571,tv,0.27,1.33,0.8
2025-11-26 23:08:59.491571,podcast,0.57,1.83,0.69
2025-11-26 23:08:59.491571,radio,0.37,1.55,0.76
2025-11-26 23:08:59.491571,ooh,0.17,1.02,0.83
2025-11-26 23:08:59.491571,events,0.79,2.27,0.65
2025-11-27 23:08:59.491571,google_search,4.29,4.05,0.0
2025-11-27 23:08:59.491571,affiliate,4.47,2.34,0.0
2025-11-27 23:08:59.491571,google_pmax,2.46,2.65,0.07
2025-11-27 23:08:59.491571,direct_mail,1.67,1.73,0.04
2025-11-27 23:08:59.491571,google_display,1.01,1.87,0.46
2025-11-27 23:08:59.491571,google_youtube,0.43,1.56,0.72
2025-11-27 23:08:59.491571,meta_ads,2.1,3.2,0.34
2025-11-27 23:08:59.491571,tiktok_ads,1.4,2.38,0.41
2025-11-27 23:08:59.491571,linkedin_ads,1.13,1.69,0.33
2025-11-27 23:08:59.491571,programmatic,0.76,1.66,0.54
2025-11-27 23:08:59.491571,tv,0.26,1.3,0.8
2025-11-27 23:08:59.491571,podcast,0.6,1.8,0.67
2025-11-27 23:08:59.491571,radio,0.37,1.46,0.75
2025-11-27 23:08:59.491571,ooh,0.18,1.06,0.83
2025-11-27 23:08:59.491571,events,0.63,1.79,0.65
2025-11-28 23:08:59.491571,google_search,3.96,2.97,0.0
2025-11-28 23:08:59.491571,affiliate,3.67,2.95,0.0
2025-11-28 23:08:59.491571,google_pmax,3.28,2.62,0.0
2025-11-28 23:08:59.491571,direct_mail,1.51,1.99,0.24
2025-11-28 23:08:59.491571,google_display,0.94,1.65,0.43
2025-11-28 23:08:59.491571,google_youtube,0.48,1.64,0.7
2025-11-28 23:08:59.491571,meta_ads,1.75,2.63,0.34
2025-11-28 23:08:59.491571,tiktok_ads,1.17,2.13,0.45
2025-11-28 23:08:59.491571,linkedin_ads,1.33,1.8,0.26
2025-11-28 23:08:59.491571,programmatic,0.71,1.65,0.57
2025-11-28 23:08:59.491571,tv,0.27,1.31,0.8
2025-11-28 23:08:59.491571,podcast,0.69,2.28,0.7
2025-11-28 23:08:59.491571,radio,0.36,1.41,0.74
2025-11-28 23:08:59.491571,ooh,0.14,0.86,0.83
2025-11-28 23:08:59.491571,events,0.78,2.26,0.65
2025-11-29 23:08:59.491571,google_search,3.1,2.17,0.0
2025-11-29 23:08:59.491571,affiliate,4.6,2.76,0.0
2025-11-29 23:08:59.491571,google_pmax,2.59,2.26,0.0
2025-11-29 23:08:59.491571,direct_mail,1.6,1.84,0.13
2025-11-29 23:08:59.491571,google_display,1.08,1.95,0.45
2025-11-29 23:08:59.491571,google_youtube,0.49,1.78,0.72
2025-11-29 23:08:59.491571,meta_ads,1.85,2.69,0.31
2025-11-29 23:08:59.491571,tiktok_ads,1.2,2.06,0.42
2025-11-29 23:08:59.491571,linkedin_ads,1.03,1.62,0.37
2025-11-29 23:08:59.491571,programmatic,0.79,1.75,0.55
2025-11-29 23:08:59.491571,tv,0.22,1.08,0.8
2025-11-29 23:08:59.491571,podcast,0.55,1.76,0.69
2025-11-29 23:08:59.491571,radio,0.31,1.27,0.76
2025-11-29 23:08:59.491571,ooh,0.12,0.71,0.83
2025-11-29 23:08:59.491571,events,0.96,2.65,0.64
2025-11-30 23:08:59.491571,google_search,3.2,2.79,0.0
2025-11-30 23:08:59.491571,affiliate,4.24,2.4,0.0
2025-11-30 23:08:59.491571,google_pmax,2.43,3.23,0.25
2025-11-30 23:08:59.491571,direct_mail,1.55,1.49,0.0
2025-11-30 23:08:59.491571,google_display,1.18,2.19,0.46
2025-11-30 23:08:59.491571,google_youtube,0.45,1.55,0.71
2025-11-30 23:08:59.491571,meta_ads,2.38,3.27,0.27
2025-11-30 23:08:59.491571,tiktok_ads,1.15,2.28,0.49
2025-11-30 23:08:59.491571,linkedin_ads,1.14,1.88,0.39
2025-11-30 23:08:59.491571,programmatic,0.92,1.94,0.52
2025-11-30 23:08:59.491571,tv,0.28,1.39,0.8
2025-11-30 23:08:59.491571,podcast,0.47,1.47,0.68
2025-11-30 23:08:59.491571,radio,0.37,1.45,0.75
2025-11-30 23:08:59.491571,ooh,0.14,0.88,0.84
2025-11-30 23:08:59.491571,events,0.81,2.2,0.63
2025-12-01 23:08:59.491571,google_search,4.12,3.58,0.0
2025-12-01 23:08:59.491571,affiliate,3.14,2.17,0.0
2025-12-01 23:08:59.491571,google_pmax,2.93,3.08,0.05
2025-12-01 23:08:59.491571,direct_mail,1.77,1.92,0.08
2025-12-01 23:08:59.491571,google_display,1.04,1.71,0.39
2025-12-01 23:08:59.491571,google_youtube,0.52,1.94,0.73
2025-12-01 23:08:59.491571,meta_ads,1.94,2.57,0.24
2025-12-01 23:08:59.491571,tiktok_ads,1.37,2.49,0.45
2025-12-01 23:08:59.491571,linkedin_ads,1.05,1.61,0.35
2025-12-01 23:08:59.491571,programmatic,0.88,1.99,0.56
2025-12-01 23:08:59.491571,tv,0.2,1.0,0.8
2025-12-01 23:08:59.491571,podcast,0.67,2.19,0.7
2025-12-01 23:08:59.491571,radio,0.37,1.47,0.75
2025-12-01 23:08:59.491571,ooh,0.17,1.04,0.84
2025-12-01 23:08:59.491571,events,0.71,2.06,0.66
2025-12-02 23:08:59.491571,google_search,3.76,3.15,0.0
2025-12-02 23:08:59.491571,affiliate,3.67,2.28,0.0
2025-12-02 23:08:59.491571,google_pmax,2.46,2.47,0.0
2025-12-02 23:08:59.491571,direct_mail,1.39,1.54,0.1
2025-12-02 23:08:59.491571,google_display,0.95,1.72,0.45
2025-12-02 23:08:59.491571,google_youtube,0.4,1.35,0.7
2025-12-02 23:08:59.491571,meta_ads,2.3,3.03,0.24
2025-12-02 23:08:59.491571,tiktok_ads,1.69,3.09,0.45
2025-12-02 23:08:59.491571,linkedin_ads,1.29,2.11,0.39
2025-12-02 23:08:59.491571,programmatic,0.77,1.65,0.53
2025-12-02 23:08:59.491571,tv,0.28,1.39,0.8
2025-12-02 23:08:59.491571,podcast,0.59,1.96,0.7
2025-12-02 23:08:59.491571,radio,0.34,1.37,0.75
2025-12-02 23:08:59.491571,ooh,0.15,0.89,0.83
2025-12-02 23:08:59.491571,events,0.81,2.37,0.66
2025-12-03 23:08:59.491571,google_search,4.0,3.41,0.0
2025-12-03 23:08:59.491571,affiliate,4.41,3.01,0.0
2025-12-03 23:08:59.491571,google_pmax,3.05,3.39,0.1
2025-12-03 23:08:59.491571,direct_mail,1.54,1.82,0.15
2025-12-03 23:08:59.491571,google_display,1.06,1.8,0.41
2025-12-03 23:08:59.491571,google_youtube,0.51,1.68,0.7
2025-12-03 23:08:59.491571,meta_ads,2.33,3.41,0.32
2025-12-03 23:08:59.491571,tiktok_ads,1.63,2.88,0.43
2025-12-03 23:08:59.491571,linkedin_ads,1.24,2.04,0.39
2025-12-03 23:08:59.491571,programmatic,0.94,2.06,0.54
2025-12-03 23:08:59.491571,tv,0.25,1.3,0.8
2025-12-03 23:08:59.491571,podcast,0.49,1.56,0.68
2025-12-03 23:08:59.491571,radio,0.41,1.66,0.76
2025-12-03 23:08:59.491571,ooh,0.16,0.92,0.83
2025-12-03 23:08:59.491571,events,0.8,2.18,0.64
2025-12-04 23:08:59.491571,google_search,3.95,3.04,0.0
2025-12-04 23:08:59.491571,affiliate,3.95,1.75,0.0
2025-12-04 23:08:59.491571,google_pmax,3.21,3.24,0.01
2025-12-04 23:08:59.491571,direct_mail,1.63,1.87,0.13
2025-12-04 23:08:59.491571,google_display,0.87,1.46,0.4
2025-12-04 23:08:59.491571,google_youtube,0.44,1.51,0.71
2025-12-04 23:08:59.491571,meta_ads,2.3,3.03,0.24
2025-12-04 23:08:59.491571,tiktok_ads,1.81,3.45,0.47
2025-12-04 23:08:59.491571,linkedin_ads,1.32,1.96,0.33
2025-12-04 23:08:59.491571,programmatic,0.95,2.06,0.54
2025-12-04 23:08:59.491571,tv,0.25,1.25,0.8
2025-12-04 23:08:59.491571,podcast,0.65,2.12,0.69
2025-12-04 23:08:59.491571,radio,0.33,1.3,0.75
2025-12-04 23:08:59.491571,ooh,0.16,0.98,0.84
2025-12-04 23:08:59.491571,events,0.76,2.01,0.62
2025-12-05 23:08:59.491571,google_search,3.71,3.38,0.0
2025-12-05 23:08:59.491571,affiliate,5.47,2.9,0.0
2025-12-05 23:08:59.491571,google_pmax,2.66,2.69,0.01
2025-12-05 23:08:59.491571,direct_mail,1.86,2.13,0.13
2025-12-05 23:08:59.491571,google_display,0.89,1.65,0.46
2025-12-05 23:08:59.491571,google_youtube,0.48,1.61,0.7
2025-12-05 23:08:59.491571,meta_ads,1.96,3.09,0.36
2025-12-05 23:08:59.491571,tiktok_ads,1.57,2.84,0.45
2025-12-05 23:08:59.491571,linkedin_ads,1.16,1.78,0.35
2025-12-05 23:08:59.491571,programmatic,0.83,1.84,0.55
2025-12-05 23:08:59.491571,tv,0.25,1.29,0.8
2025-12-05 23:08:59.491571,podcast,0.6,1.87,0.68
2025-12-05 23:08:59.491571,radio,0.32,1.23,0.74
2025-12-05 23:08:59.491571,ooh,0.19,1.13,0.84
2025-12-05 23:08:59.491571,events,0.72,2.0,0.64
2025-12-06 23:08:59.491571,google_search,3.51,3.52,0.0
2025-12-06 23:08:59.491571,affiliate,3.73,2.47,0.0
2025-12-06 23:08:59.491571,google_pmax,2.76,3.13,0.12
2025-12-06 23:08:59.491571,direct_mail,1.58,1.54,0.0
2025-12-06 23:08:59.491571,google_display,0.97,1.65,0.41
2025-12-06 23:08:59.491571,google_youtube,0.5,1.84,0.73
2025-12-06 23:08:59.491571,meta_ads,1.74,2.3,0.24
2025-12-06 23:08:59.491571,tiktok_ads,1.4,2.47,0.43
2025-12-06 23:08:59.491571,linkedin_ads,1.31,1.94,0.33
2025-12-06 23:08:59.491571,programmatic,0.84,1.8,0.53
2025-12-06 23:08:59.491571,tv,0.26,1.3,0.8
2025-12-06 23:08:59.491571,podcast,0.55,1.79,0.69
2025-12-06 23:08:59.491571,radio,0.35,1.45,0.76
2025-12-06 23:08:59.491571,ooh,0.15,0.88,0.83
2025-12-06 23:08:59.491571,events,0.8,2.22,0.64
2025-12-07 23:08:59.491571,google_search,3.92,3.54,0.0
2025-12-07 23:08:59.491571,affiliate,3.83,3.03,0.0
2025-12-07 23:08:59.491571,google_pmax,2.18,2.13,0.0
2025-12-07 23:08:59.491571,direct_mail,1.58,1.88,0.16
2025-12-07 23:08:59.491571,google_display,1.19,1.92,0.38
2025-12-07 23:08:59.491571,google_youtube,0.47,1.54,0.7
2025-12-07 23:08:59.491571,meta_ads,2.21,3.15,0.3
2025-12-07 23:08:59.491571,tiktok_ads,1.79,3.24,0.45
2025-12-07 23:08:59.491571,linkedin_ads,1.35,2.1,0.36
2025-12-07 23:08:59.491571,programmatic,0.76,1.56,0.51
2025-12-07 23:08:59.491571,tv,0.26,1.25,0.79
2025-12-07 23:08:59.491571,podcast,0.69,2.21,0.69
2025-12-07 23:08:59.491571,radio,0.4,1.58,0.75
2025-12-07 23:08:59.491571,ooh,0.15,0.93,0.83
2025-12-07 23:08:59.491571,events,0.8,2.19,0.64
2025-12-08 23:08:59.491571,google_search,3.98,3.01,0.0
2025-12-08 23:08:59.491571,affiliate,3.85,2.98,0.0
2025-12-08 23:08:59.491571,google_pmax,3.04,3.22,0.05
2025-12-08 23:08:59.491571,direct_mail,1.92,2.16,0.11
2025-12-08 23:08:59.491571,google_display,1.16,2.11,0.45
2025-12-08 23:08:59.491571,google_youtube,0.44,1.62,0.73
2025-12-08 23:08:59.491571,meta_ads,2.46,3.42,0.28
2025-12-08 23:08:59.491571,tiktok_ads,1.63,2.87,0.43
2025-12-08 23:08:59.491571,linkedin_ads,1.32,1.66,0.21
2025-12-08 23:08:59.491571,programmatic,0.7,1.61,0.56
2025-12-08 23:08:59.491571,tv,0.24,1.22,0.8
2025-12-08 23:08:59.491571,podcast,0.5,1.7,0.7
2025-12-08 23:08:59.491571,radio,0.4,1.59,0.75
2025-12-08 23:08:59.491571,ooh,0.14,0.87,0.84
2025-12-08 23:08:59.491571,events,0.99,2.87,0.65
2025-12-09 23:08:59.491571,google_search,4.79,3.63,0.0
2025-12-09 23:08:59.491571,affiliate,4.06,2.15,0.0
2025-12-09 23:08:59.491571,google_pmax,2.95,3.15,0.06
2025-12-09 23:08:59.491571,direct_mail,1.57,1.93,0.19
2025-12-09 23:08:59.491571,google_display,1.15,1.89,0.39
2025-12-09 23:08:59.491571,google_youtube,0.46,1.66,0.72
2025-12-09 23:08:59.491571,meta_ads,2.08,2.74,0.24
2025-12-09 23:08:59.491571,tiktok_ads,1.68,2.81,0.4
2025-12-09 23:08:59.491571,linkedin_ads,1.16,1.77,0.35
2025-12-09 23:08:59.491571,programmatic,0.74,1.7,0.56
2025-12-09 23:08:59.491571,tv,0.23,1.2,0.81
2025-12-09 23:08:59.491571,podcast,0.59,1.93,0.69
2025-12-09 23:08:59.491571,radio,0.38,1.5,0.75
2025-12-09 23:08:59.491571,ooh,0.11,0.68,0.83
2025-12-09 23:08:59.491571,events,0.81,2.3,0.65
2025-12-10 23:08:59.491571,google_search,3.7,2.98,0.0
2025-12-10 23:08:59.491571,affiliate,5.58,2.81,0.0
2025-12-10 23:08:59.491571,google_pmax,3.05,3.02,0.0
2025-12-10 23:08:59.491571,direct_mail,1.54,1.72,0.11
2025-12-10 23:08:59.491571,google_display,0.9,1.68,0.46
2025-12-10 23:08:59.491571,google_youtube,0.58,2.07,0.72
2025-12-10 23:08:59.491571,meta_ads,2.23,2.9,0.23
2025-12-10 23:08:59.491571,tiktok_ads,1.59,3.21,0.5
2025-12-10 23:08:59.491571,linkedin_ads,1.15,1.67,0.32
2025-12-10 23:08:59.491571,programmatic,0.75,1.6,0.54
2025-12-10 23:08:59.491571,tv,0.17,0.84,0.8
2025-12-10 23:08:59.491571,podcast,0.54,1.64,0.67
2025-12-10 23:08:59.491571,radio,0.38,1.49,0.74
2025-12-10 23:08:59.491571,ooh,0.14,0.88,0.84
2025-12-10 23:08:59.491571,events,0.66,1.76,0.62
2025-12-11 23:08:59.491571,google_search,3.92,3.79,0.0
2025-12-11 23:08:59.491571,affiliate,3.65,2.52,0.0
2025-12-11 23:08:59.491571,google_pmax,3.0,2.53,0.0
2025-12-11 23:08:59.491571,direct_mail,1.75,2.17,0.19
2025-12-11 23:08:59.491571,google_display,0.96,1.85,0.48
2025-12-11 23:08:59.491571,google_youtube,0.57,1.99,0.72
2025-12-11 23:08:59.491571,meta_ads,2.08,2.71,0.23
2025-12-11 23:08:59.491571,tiktok_ads,1.49,2.77,0.46
2025-12-11 23:08:59.491571,linkedin_ads,1.15,1.48,0.22
2025-12-11 23:08:59.491571,programmatic,0.92,2.05,0.55
2025-12-11 23:08:59.491571,tv,0.24,1.21,0.8
2025-12-11 23:08:59.491571,podcast,0.71,2.07,0.66
2025-12-11 23:08:59.491571,radio,0.37,1.42,0.74
2025-12-11 23:08:59.491571,ooh,0.16,0.96,0.83
2025-12-11 23:08:59.491571,events,0.86,2.37,0.64
2025-12-12 23:08:59.491571,google_search,2.95,2.37,0.0
2025-12-12 23:08:59.491571,affiliate,4.72,3.55,0.0
2025-12-12 23:08:59.491571,google_pmax,2.41,2.77,0.13
2025-12-12 23:08:59.491571,direct_mail,1.48,1.75,0.16
2025-12-12 23:08:59.491571,google_display,0.94,1.71,0.45
2025-12-12 23:08:59.491571,google_youtube,0.55,1.87,0.7
2025-12-12 23:08:59.491571,meta_ads,2.02,2.87,0.3
2025-12-12 23:08:59.491571,tiktok_ads,1.93,3.31,0.42
2025-12-12 23:08:59.491571,linkedin_ads,1.49,2.54,0.41
2025-12-12 23:08:59.491571,programmatic,0.79,1.72,0.54
2025-12-12 23:08:59.491571,tv,0.23,1.14,0.8
2025-12-12 23:08:59.491571,podcast,0.5,1.59,0.69
2025-12-12 23:08:59.491571,radio,0.41,1.63,0.75
2025-12-12 23:08:59.491571,ooh,0.15,0.85,0.83
2025-12-12 23:08:59.491571,events,0.84,2.36,0.65
2025-12-13 23:08:59.491571,google_search,3.83,3.17,0.0
2025-12-13 23:08:59.491571,affiliate,4.34,3.04,0.0
2025-12-13 23:08:59.491571,google_pmax,2.79,3.02,0.08
2025-12-13 23:08:59.491571,direct_mail,1.64,2.07,0.21
2025-12-13 23:08:59.491571,google_display,1.08,1.97,0.45
2025-12-13 23:08:59.491571,google_youtube,0.59,2.09,0.72
2025-12-13 23:08:59.491571,meta_ads,2.54,3.72,0.32
2025-12-13 23:08:59.491571,tiktok_ads,1.17,2.26,0.48
2025-12-13 23:08:59.491571,linkedin_ads,1.22,1.82,0.33
2025-12-13 23:08:59.491571,programmatic,0.83,1.79,0.54
2025-12-13 23:08:59.491571,tv,0.26,1.27,0.8
2025-12-13 23:08:59.491571,podcast,0.69,2.21,0.69
2025-12-13 23:08:59.491571,radio,0.33,1.3,0.74
2025-12-13 23:08:59.491571,ooh,0.15,0.93,0.83
2025-12-13 23:08:59.491571,events,0.84,2.26,0.63
2025-12-14 23:08:59.491571,google_search,3.07,2.8,0.0
2025-12-14 23:08:59.491571,affiliate,5.3,2.9,0.0
2025-12-14 23:08:59.491571,google_pmax,3.33,3.6,0.07
2025-12-14 23:08:59.491571,direct_mail,1.6,1.77,0.1
2025-12-14 23:08:59.491571,google_display,0.83,1.58,0.47
2025-12-14 23:08:59.491571,google_youtube,0.45,1.55,0.71
2025-12-14 23:08:59.491571,meta_ads,2.46,2.98,0.17
2025-12-14 23:08:59.491571,tiktok_ads,1.23,2.2,0.44
2025-12-14 23:08:59.491571,linkedin_ads,1.24,1.92,0.35
2025-12-14 23:08:59.491571,programmatic,0.77,1.89,0.59
2025-12-14 23:08:59.491571,tv,0.24,1.21,0.8
2025-12-14 23:08:59.491571,podcast,0.54,1.74,0.69
2025-12-14 23:08:59.491571,radio,0.38,1.55,0.76
2025-12-14 23:08:59.491571,ooh,0.12,0.74,0.83
2025-12-14 23:08:59.491571,events,0.84,2.41,0.65
2025-12-15 23:08:59.491571,google_search,3.8,3.44,0.0
2025-12-15 23:08:59.491571,affiliate,4.06,3.27,0.0
2025-12-15 23:08:59.491571,google_pmax,3.13,2.87,0.0
2025-12-15 23:08:59.491571,direct_mail,1.39,1.46,0.04
2025-12-15 23:08:59.491571,google_display,1.08,1.81,0.4
2025-12-15 23:08:59.491571,google_youtube,0.48,1.7,0.72
2025-12-15 23:08:59.491571,meta_ads,2.18,3.11,0.3
2025-12-15 23:08:59.491571,tiktok_ads,1.31,2.43,0.46
2025-12-15 23:08:59.491571,linkedin_ads,1.11,1.63,0.32
2025-12-15 23:08:59.491571,programmatic,0.82,1.82,0.55
2025-12-15 23:08:59.491571,tv,0.25,1.23,0.8
2025-12-15 23:08:59.491571,podcast,0.58,1.85,0.69
2025-12-15 23:08:59.491571,radio,0.29,1.16,0.75
2025-12-15 23:08:59.491571,ooh,0.16,0.92,0.83
2025-12-15 23:08:59.491571,events,0.91,2.67,0.66
2025-12-16 23:08:59.491571,google_search,3.23,3.19,0.0
2025-12-16 23:08:59.491571,affiliate,4.42,3.06,0.0
2025-12-16 23:08:59.491571,google_pmax,2.63,3.01,0.12
2025-12-16 23:08:59.491571,direct_mail,1.68,1.79,0.06
2025-12-16 23:08:59.491571,google_display,0.86,1.42,0.4
2025-12-16 23:08:59.491571,google_youtube,0.51,1.82,0.72
2025-12-16 23:08:59.491571,meta_ads,2.37,3.29,0.28
2025-12-16 23:08:59.491571,tiktok_ads,1.29,2.24,0.42
2025-12-16 23:08:59.491571,linkedin_ads,1.37,1.98,0.31
2025-12-16 23:08:59.491571,programmatic,0.81,1.7,0.52
2025-12-16 23:08:59.491571,tv,0.26,1.29,0.8
2025-12-16 23:08:59.491571,podcast,0.68,2.21,0.69
2025-12-16 23:08:59.491571,radio,0.33,1.31,0.75
2025-12-16 23:08:59.491571,ooh,0.14,0.82,0.83
2025-12-16 23:08:59.491571,events,0.72,2.02,0.65
2025-12-17 23:08:59.491571,google_search,3.95,3.41,0.0
2025-12-17 23:08:59.491571,affiliate,4.34,3.22,0.0
2025-12-17 23:08:59.491571,google_pmax,2.82,3.16,0.11
2025-12-17 23:08:59.491571,direct_mail,1.26,0.95,0.0
2025-12-17 23:08:59.491571,google_display,1.03,1.71,0.4
2025-12-17 23:08:59.491571,google_youtube,0.49,1.69,0.71
2025-12-17 23:08:59.491571,meta_ads,2.62,3.77,0.31
2025-12-17 23:08:59.491571,tiktok_ads,1.53,2.88,0.47
2025-12-17 23:08:59.491571,linkedin_ads,1.25,1.82,0.31
2025-12-17 23:08:59.491571,programmatic,0.9,1.89,0.52
2025-12-17 23:08:59.491571,tv,0.26,1.26,0.79
2025-12-17 23:08:59.491571,podcast,0.61,1.98,0.69
2025-12-17 23:08:59.491571,radio,0.42,1.62,0.74
2025-12-17 23:08:59.491571,ooh,0.14,0.85,0.84
2025-12-17 23:08:59.491571,events,0.83,2.35,0.65
2025-12-18 23:08:59.491571,google_search,3.36,2.66,0.0
2025-12-18 23:08:59.491571,affiliate,5.17,3.34,0.0
2025-12-18 23:08:59.491571,google_pmax,2.93,3.04,0.04
2025-12-18 23:08:59.491571,direct_mail,1.37,1.71,0.2
2025-12-18 23:08:59.491571,google_display,1.06,2.15,0.51
2025-12-18 23:08:59.491571,google_youtube,0.44,1.57,0.72
2025-12-18 23:08:59.491571,meta_ads,1.85,2.62,0.29
2025-12-18 23:08:59.491571,tiktok_ads,1.68,2.67,0.37
2025-12-18 23:08:59.491571,linkedin_ads,1.17,1.69,0.31
2025-12-18 23:08:59.491571,programmatic,0.73,1.64,0.55
2025-12-18 23:08:59.491571,tv,0.28,1.41,0.8
2025-12-18 23:08:59.491571,podcast,0.61,1.97,0.69
2025-12-18 23:08:59.491571,radio,0.35,1.36,0.74
2025-12-18 23:08:59.491571,ooh,0.17,1.02,0.83
2025-12-18 23:08:59.491571,events,0.84,2.28,0.63
2025-12-19 23:08:59.491571,google_search,3.59,2.99,0.0
2025-12-19 23:08:59.491571,affiliate,3.67,1.77,0.0
2025-12-19 23:08:59.491571,google_pmax,2.6,2.86,0.09
2025-12-19 23:08:59.491571,direct_mail,1.47,1.55,0.05
2025-12-19 23:08:59.491571,google_display,0.9,1.58,0.43
2025-12-19 23:08:59.491571,google_youtube,0.48,1.78,0.73
2025-12-19 23:08:59.491571,meta_ads,2.48,3.72,0.33
2025-12-19 23:08:59.491571,tiktok_ads,1.71,2.91,0.41
2025-12-19 23:08:59.491571,linkedin_ads,1.02,1.42,0.28
2025-12-19 23:08:59.491571,programmatic,0.93,1.99,0.53
2025-12-19 23:08:59.491571,tv,0.21,1.05,0.8
2025-12-19 23:08:59.491571,podcast,0.58,1.88,0.69
2025-12-19 23:08:59.491571,radio,0.36,1.41,0.74
2025-12-19 23:08:59.491571,ooh,0.16,0.96,0.83
2025-12-19 23:08:59.491571,events,0.78,2.25,0.65
2025-12-20 23:08:59.491571,google_search,3.51,2.78,0.0
2025-12-20 23:08:59.491571,affiliate,4.82,2.72,0.0
2025-12-20 23:08:59.491571,google_pmax,2.67,2.95,0.1
2025-12-20 23:08:59.491571,direct_mail,1.99,2.41,0.17
2025-12-20 23:08:59.491571,google_display,1.06,1.96,0.46
2025-12-20 23:08:59.491571,google_youtube,0.44,1.53,0.72
2025-12-20 23:08:59.491571,meta_ads,2.19,3.14,0.3
2025-12-20 23:08:59.491571,tiktok_ads,1.52,2.8,0.46
2025-12-20 23:08:59.491571,linkedin_ads,1.16,1.74,0.34
2025-12-20 23:08:59.491571,programmatic,0.68,1.48,0.54
2025-12-20 23:08:59.491571,tv,0.29,1.47,0.8
2025-12-20 23:08:59.491571,podcast,0.6,2.03,0.7
2025-12-20 23:08:59.491571,radio,0.29,1.14,0.74
2025-12-20 23:08:59.491571,ooh,0.18,1.09,0.83
2025-12-20 23:08:59.491571,events,0.78,2.08,0.63
2025-12-21 23:08:59.491571,google_search,4.0,3.62,0.0
2025-12-21 23:08:59.491571,affiliate,3.91,2.49,0.0
2025-12-21 23:08:59.491571,google_pmax,2.69,2.89,0.07
2025-12-21 23:08:59.491571,direct_mail,1.39,1.77,0.22
2025-12-21 23:08:59.491571,google_display,1.11,1.96,0.43
2025-12-21 23:08:59.491571,google_youtube,0.49,1.7,0.71
2025-12-21 23:08:59.491571,meta_ads,1.99,2.7,0.26
2025-12-21 23:08:59.491571,tiktok_ads,1.45,2.85,0.49
2025-12-21 23:08:59.491571,linkedin_ads,1.34,2.13,0.37
2025-12-21 23:08:59.491571,programmatic,0.84,1.74,0.52
2025-12-21 23:08:59.491571,tv,0.25,1.27,0.8
2025-12-21 23:08:59.491571,podcast,0.51,1.66,0.69
2025-12-21 23:08:59.491571,radio,0.45,1.84,0.76
2025-12-21 23:08:59.491571,ooh,0.18,1.06,0.83
2025-12-21 23:08:59.491571,events,0.89,2.44,0.63
2025-12-22 23:08:59.491571,google_search,4.16,3.81,0.0
2025-12-22 23:08:59.491571,affiliate,4.66,3.64,0.0
2025-12-22 23:08:59.491571,google_pmax,2.62,2.7,0.03
2025-12-22 23:08:59.491571,direct_mail,1.62,1.69,0.04
2025-12-22 23:08:59.491571,google_display,1.03,1.67,0.39
2025-12-22 23:08:59.491571,google_youtube,0.56,1.97,0.71
2025-12-22 23:08:59.491571,meta_ads,2.06,2.72,0.24
2025-12-22 23:08:59.491571,tiktok_ads,1.46,2.72,0.46
2025-12-22 23:08:59.491571,linkedin_ads,1.28,1.83,0.3
2025-12-22 23:08:59.491571,programmatic,0.72,1.63,0.56
2025-12-22 23:08:59.491571,tv,0.23,1.14,0.8
2025-12-22 23:08:59.491571,podcast,0.61,1.97,0.69
2025-12-22 23:08:59.491571,radio,0.39,1.5,0.74
2025-12-22 23:08:59.491571,ooh,0.12,0.69,0.83
2025-12-22 23:08:59.491571,events,0.97,2.92,0.67
2025-12-23 23:08:59.491571,google_search,4.64,3.85,0.0
2025-12-23 23:08:59.491571,affiliate,3.54,1.47,0.0
2025-12-23 23:08:59.491571,google_pmax,2.59,2.67,0.03
2025-12-23 23:08:59.491571,direct_mail,1.85,2.29,0.19
2025-12-23 23:08:59.491571,google_display,1.03,1.76,0.42
2025-12-23 23:08:59.491571,google_youtube,0.44,1.56,0.72
2025-12-23 23:08:59.491571,meta_ads,2.38,3.43,0.31
2025-12-23 23:08:59.491571,tiktok_ads,1.31,2.45,0.46
2025-12-23 23:08:59.491571,linkedin_ads,1.26,1.76,0.28
2025-12-23 23:08:59.491571,programmatic,0.72,1.64,0.56
2025-12-23 23:08:59.491571,tv,0.24,1.25,0.81
2025-12-23 23:08:59.491571,podcast,0.64,2.0,0.68
2025-12-23 23:08:59.491571,radio,0.35,1.4,0.75
2025-12-23 23:08:59.491571,ooh,0.14,0.81,0.83
2025-12-23 23:08:59.491571,events,0.87,2.5,0.65
2025-12-24 23:08:59.491571,google_search,4.08,4.08,0.0
2025-12-24 23:08:59.491571,affiliate,4.21,3.44,0.0
2025-12-24 23:08:59.491571,google_pmax,2.5,2.37,0.0
2025-12-24 23:08:59.491571,direct_mail,1.26,1.4,0.1
2025-12-24 23:08:59.491571,google_display,0.94,1.74,0.46
2025-12-24 23:08:59.491571,google_youtube,0.51,1.74,0.7
2025-12-24 23:08:59.491571,meta_ads,2.1,2.86,0.27
2025-12-24 23:08:59.491571,tiktok_ads,1.18,2.01,0.41
2025-12-24 23:08:59.491571,linkedin_ads,1.09,1.79,0.39
2025-12-24 23:08:59.491571,programmatic,0.82,1.85,0.56
2025-12-24 23:08:59.491571,tv,0.21,1.05,0.8
2025-12-24 23:08:59.491571,podcast,0.69,2.08,0.67
2025-12-24 23:08:59.491571,radio,0.32,1.3,0.75
2025-12-24 23:08:59.491571,ooh,0.16,0.96,0.83
2025-12-24 23:08:59.491571,events,0.77,2.11,0.64
2025-12-25 23:08:59.491571,google_search,3.85,3.73,0.0
2025-12-25 23:08:59.491571,affiliate,4.08,3.06,0.0
2025-12-25 23:08:59.491571,google_pmax,2.54,2.45,0.0
2025-12-25 23:08:59.491571,direct_mail,1.76,2.18,0.19
2025-12-25 23:08:59.491571,google_display,1.1,1.84,0.4
2025-12-25 23:08:59.491571,google_youtube,0.47,1.69,0.72
2025-12-25 23:08:59.491571,meta_ads,2.21,2.86,0.23
2025-12-25 23:08:59.491571,tiktok_ads,1.58,2.74,0.42
2025-12-25 23:08:59.491571,linkedin_ads,1.46,2.41,0.4
2025-12-25 23:08:59.491571,programmatic,0.86,2.0,0.57
2025-12-25 23:08:59.491571,tv,0.25,1.28,0.8
2025-12-25 23:08:59.491571,podcast,0.71,2.28,0.69
2025-12-25 23:08:59.491571,radio,0.34,1.3,0.74
2025-12-25 23:08:59.491571,ooh,0.15,0.9,0.84
2025-12-25 23:08:59.491571,events,0.89,2.54,0.65
2025-12-26 23:08:59.491571,google_search,3.55,2.32,0.0
2025-12-26 23:08:59.491571,affiliate,4.23,2.62,0.0
2025-12-26 23:08:59.491571,google_pmax,2.69,3.0,0.1
2025-12-26 23:08:59.491571,direct_mail,1.98,2.3,0.14
2025-12-26 23:08:59.491571,google_display,0.97,1.73,0.44
2025-12-26 23:08:59.491571,google_youtube,0.51,1.73,0.71
2025-12-26 23:08:59.491571,meta_ads,2.23,3.23,0.31
2025-12-26 23:08:59.491571,tiktok_ads,1.54,2.84,0.46
2025-12-26 23:08:59.491571,linkedin_ads,1.26,1.67,0.24
2025-12-26 23:08:59.491571,programmatic,0.86,1.84,0.53
2025-12-26 23:08:59.491571,tv,0.22,1.06,0.8
2025-12-26 23:08:59.491571,podcast,0.63,2.01,0.69
2025-12-26 23:08:59.491571,radio,0.28,1.13,0.75
2025-12-26 23:08:59.491571,ooh,0.12,0.75,0.83
2025-12-26 23:08:59.491571,events,0.82,2.38,0.65
2025-12-27 23:08:59.491571,google_search,4.61,3.29,0.0
2025-12-27 23:08:59.491571,affiliate,4.47,2.78,0.0
2025-12-27 23:08:59.491571,google_pmax,2.95,3.16,0.07
2025-12-27 23:08:59.491571,direct_mail,1.53,1.69,0.1
2025-12-27 23:08:59.491571,google_display,0.87,1.64,0.47
2025-12-27 23:08:59.491571,google_youtube,0.53,1.89,0.72
2025-12-27 23:08:59.491571,meta_ads,2.12,2.83,0.25
2025-12-27 23:08:59.491571,tiktok_ads,1.31,2.4,0.46
2025-12-27 23:08:59.491571,linkedin_ads,1.05,1.77,0.41
2025-12-27 23:08:59.491571,programmatic,0.67,1.5,0.55
2025-12-27 23:08:59.491571,tv,0.3,1.5,0.8
2025-12-27 23:08:59.491571,podcast,0.61,1.9,0.68
2025-12-27 23:08:59.491571,radio,0.29,1.19,0.75
2025-12-27 23:08:59.491571,ooh,0.18,1.05,0.83
2025-12-27 23:08:59.491571,events,0.69,1.76,0.61
2025-12-28 23:08:59.491571,google_search,3.35,2.81,0.0
2025-12-28 23:08:59.491571,affiliate,5.36,3.85,0.0
2025-12-28 23:08:59.491571,google_pmax,2.9,2.93,0.01
2025-12-28 23:08:59.491571,direct_mail,1.49,1.92,0.23
2025-12-28 23:08:59.491571,google_display,1.02,1.63,0.37
2025-12-28 23:08:59.491571,google_youtube,0.46,1.57,0.71
2025-12-28 23:08:59.491571,meta_ads,2.06,2.99,0.31
2025-12-28 23:08:59.491571,tiktok_ads,1.48,2.65,0.44
2025-12-28 23:08:59.491571,linkedin_ads,1.39,1.99,0.3
2025-12-28 23:08:59.491571,programmatic,0.98,2.09,0.53
2025-12-28 23:08:59.491571,tv,0.25,1.26,0.8
2025-12-28 23:08:59.491571,podcast,0.61,1.98,0.69
2025-12-28 23:08:59.491571,radio,0.37,1.45,0.75
2025-12-28 23:08:59.491571,ooh,0.13,0.81,0.84
2025-12-28 23:08:59.491571,events,0.75,2.16,0.65
2025-12-29 23:08:59.491571,google_search,3.07,2.52,0.0
2025-12-29 23:08:59.491571,affiliate,4.43,3.09,0.0
2025-12-29 23:08:59.491571,google_pmax,1.89,2.01,0.06
2025-12-29 23:08:59.491571,direct_mail,1.38,1.63,0.15
2025-12-29 23:08:59.491571,google_display,0.88,1.5,0.42
2025-12-29 23:08:59.491571,google_youtube,0.48,1.64,0.71
2025-12-29 23:08:59.491571,meta_ads,2.07,2.66,0.22
2025-12-29 23:08:59.491571,tiktok_ads,1.17,2.23,0.47
2025-12-29 23:08:59.491571,linkedin_ads,1.01,1.5,0.33
2025-12-29 23:08:59.491571,programmatic,0.87,1.87,0.53
2025-12-29 23:08:59.491571,tv,0.23,1.13,0.8
2025-12-29 23:08:59.491571,podcast,0.68,2.1,0.68
2025-12-29 23:08:59.491571,radio,0.34,1.32,0.74
2025-12-29 23:08:59.491571,ooh,0.14,0.86,0.83
2025-12-29 23:08:59.491571,events,0.72,1.98,0.64
2025-12-30 23:08:59.491571,google_search,3.16,2.71,0.0
2025-12-30 23:08:59.491571,affiliate,5.07,2.74,0.0
2025-12-30 23:08:59.491571,google_pmax,2.59,2.85,0.09
2025-12-30 23:08:59.491571,direct_mail,1.83,1.83,0.0
2025-12-30 23:08:59.491571,google_display,0.98,1.79,0.45
2025-12-30 23:08:59.491571,google_youtube,0.49,1.61,0.69
2025-12-30 23:08:59.491571,meta_ads,2.33,3.62,0.36
2025-12-30 23:08:59.491571,tiktok_ads,1.52,2.58,0.41
2025-12-30 23:08:59.491571,linkedin_ads,1.13,1.89,0.4
2025-12-30 23:08:59.491571,programmatic,0.89,2.01,0.56
2025-12-30 23:08:59.491571,tv,0.26,1.29,0.8
2025-12-30 23:08:59.491571,podcast,0.59,1.87,0.69
2025-12-30 23:08:59.491571,radio,0.37,1.55,0.76
2025-12-30 23:08:59.491571,ooh,0.17,1.0,0.83
2025-12-30 23:08:59.491571,events,0.82,2.36,0.65
2025-12-31 23:08:59.491571,google_search,4.08,3.21,0.0
2025-12-31 23:08:59.491571,affiliate,6.07,3.17,0.0
2025-12-31 23:08:59.491571,google_pmax,2.44,2.61,0.07
2025-12-31 23:08:59.491571,direct_mail,2.01,2.14,0.06
2025-12-31 23:08:59.491571,google_display,0.97,1.85,0.48
2025-12-31 23:08:59.491571,google_youtube,0.5,1.73,0.71
2025-12-31 23:08:59.491571,meta_ads,2.35,3.35,0.3
2025-12-31 23:08:59.491571,tiktok_ads,1.69,3.25,0.48
2025-12-31 23:08:59.491571,linkedin_ads,1.24,1.9,0.35
2025-12-31 23:08:59.491571,programmatic,0.82,1.85,0.56
2025-12-31 23:08:59.491571,tv,0.25,1.26,0.8
2025-12-31 23:08:59.491571,podcast,0.69,2.3,0.7
2025-12-31 23:08:59.491571,radio,0.29,1.15,0.75
2025-12-31 23:08:59.491571,ooh,0.14,0.82,0.83
2025-12-31 23:08:59.491571,events,0.84,2.4,0.65
2026-01-01 23:08:59.491571,google_search,3.75,2.47,0.0
2026-01-01 23:08:59.491571,affiliate,3.98,2.94,0.0
2026-01-01 23:08:59.491571,google_pmax,1.88,2.2,0.14
2026-01-01 23:08:59.491571,direct_mail,1.7,2.18,0.22
2026-01-01 23:08:59.491571,google_display,0.98,1.56,0.37
2026-01-01 23:08:59.491571,google_youtube,0.53,1.91,0.72
2026-01-01 23:08:59.491571,meta_ads,2.44,3.26,0.25
2026-01-01 23:08:59.491571,tiktok_ads,1.52,2.65,0.43
2026-01-01 23:08:59.491571,linkedin_ads,1.08,1.73,0.37
2026-01-01 23:08:59.491571,programmatic,0.69,1.45,0.53
2026-01-01 23:08:59.491571,tv,0.22,1.05,0.79
2026-01-01 23:08:59.491571,podcast,0.61,2.02,0.7
2026-01-01 23:08:59.491571,radio,0.34,1.32,0.74
2026-01-01 23:08:59.491571,ooh,0.17,1.02,0.84
2026-01-01 23:08:59.491571,events,0.74,2.03,0.64
2026-01-02 23:08:59.491571,google_search,4.04,4.08,0.01
2026-01-02 23:08:59.491571,affiliate,4.22,2.18,0.0
2026-01-02 23:08:59.491571,google_pmax,3.01,3.4,0.11
2026-01-02 23:08:59.491571,direct_mail,1.6,1.75,0.09
2026-01-02 23:08:59.491571,google_display,1.12,2.07,0.46
2026-01-02 23:08:59.491571,google_youtube,0.45,1.59,0.71
2026-01-02 23:08:59.491571,meta_ads,1.84,2.71,0.32
2026-01-02 23:08:59.491571,tiktok_ads,1.45,2.55,0.43
2026-01-02 23:08:59.491571,linkedin_ads,1.2,1.8,0.34
2026-01-02 23:08:59.491571,programmatic,0.89,2.0,0.56
2026-01-02 23:08:59.491571,tv,0.25,1.25,0.8
2026-01-02 23:08:59.491571,podcast,0.63,1.99,0.68
2026-01-02 23:08:59.491571,radio,0.34,1.37,0.75
2026-01-02 23:08:59.491571,ooh,0.16,0.95,0.83
2026-01-02 23:08:59.491571,events,0.76,2.29,0.67
2026-01-03 23:08:59.491571,google_search,4.23,3.27,0.0
2026-01-03 23:08:59.491571,affiliate,4.81,3.18,0.0
2026-01-03 23:08:59.491571,google_pmax,2.93,3.12,0.06
2026-01-03 23:08:59.491571,direct_mail,1.83,2.17,0.16
2026-01-03 23:08:59.491571,google_display,0.99,1.89,0.47
2026-01-03 23:08:59.491571,google_youtube,0.51,1.81,0.72
2026-01-03 23:08:59.491571,meta_ads,2.28,3.17,0.28
2026-01-03 23:08:59.491571,tiktok_ads,1.5,2.61,0.43
2026-01-03 23:08:59.491571,linkedin_ads,1.09,1.53,0.29
2026-01-03 23:08:59.491571,programmatic,0.67,1.41,0.53
2026-01-03 23:08:59.491571,tv,0.24,1.23,0.8
2026-01-03 23:08:59.491571,podcast,0.58,1.72,0.66
2026-01-03 23:08:59.491571,radio,0.42,1.71,0.76
2026-01-03 23:08:59.491571,ooh,0.16,0.98,0.84
2026-01-03 23:08:59.491571,events,0.71,2.11,0.67
2026-01-04 23:08:59.491571,google_search,3.36,2.94,0.0
2026-01-04 23:08:59.491571,affiliate,3.81,2.48,0.0
2026-01-04 23:08:59.491571,google_pmax,2.93,3.03,0.03
2026-01-04 23:08:59.491571,direct_mail,1.74,2.01,0.14
2026-01-04 23:08:59.491571,google_display,0.94,1.63,0.43
2026-01-04 23:08:59.491571,google_youtube,0.55,1.88,0.71
2026-01-04 23:08:59.491571,meta_ads,2.44,3.72,0.34
2026-01-04 23:08:59.491571,tiktok_ads,1.2,2.3,0.48
2026-01-04 23:08:59.491571,linkedin_ads,1.5,2.28,0.34
2026-01-04 23:08:59.491571,programmatic,0.86,1.98,0.57
2026-01-04 23:08:59.491571,tv,0.24,1.21,0.8
2026-01-04 23:08:59.491571,podcast,0.51,1.62,0.69
2026-01-04 23:08:59.491571,radio,0.37,1.5,0.75
2026-01-04 23:08:59.491571,ooh,0.17,1.0,0.83
2026-01-04 23:08:59.491571,events,0.75,2.24,0.67
2026-01-05 23:08:59.491571,google_search,3.73,3.25,0.0
2026-01-05 23:08:59.491571,affiliate,4.46,2.53,0.0
2026-01-05 23:08:59.491571,google_pmax,3.35,3.34,0.0
2026-01-05 23:08:59.491571,direct_mail,1.38,1.53,0.09
2026-01-05 23:08:59.491571,google_display,0.76,1.32,0.42
2026-01-05 23:08:59.491571,google_youtube,0.44,1.57,0.72
2026-01-05 23:08:59.491571,meta_ads,2.02,3.01,0.33
2026-01-05 23:08:59.491571,tiktok_ads,1.75,3.29,0.47
2026-01-05 23:08:59.491571,linkedin_ads,1.17,1.77,0.34
2026-01-05 23:08:59.491571,programmatic,0.65,1.43,0.54
2026-01-05 23:08:59.491571,tv,0.22,1.14,0.8
2026-01-05 23:08:59.491571,podcast,0.79,2.55,0.69
2026-01-05 23:08:59.491571,radio,0.27,1.06,0.75
2026-01-05 23:08:59.491571,ooh,0.15,0.91,0.83
2026-01-05 23:08:59.491571,events,0.73,2.06,0.65
2026-01-06 23:08:59.491571,google_search,3.23,2.44,0.0
2026-01-06 23:08:59.491571,affiliate,4.85,2.66,0.0
2026-01-06 23:08:59.491571,google_pmax,2.98,2.72,0.0
2026-01-06 23:08:59.491571,direct_mail,1.94,2.08,0.07
2026-01-06 23:08:59.491571,google_display,0.97,1.78,0.45
2026-01-06 23:08:59.491571,google_youtube,0.47,1.64,0.72
2026-01-06 23:08:59.491571,meta_ads,2.35,3.52,0.33
2026-01-06 23:08:59.491571,tiktok_ads,1.64,2.93,0.44
2026-01-06 23:08:59.491571,linkedin_ads,1.18,2.05,0.42
2026-01-06 23:08:59.491571,programmatic,0.89,1.88,0.53
2026-01-06 23:08:59.491571,tv,0.25,1.26,0.8
2026-01-06 23:08:59.491571,podcast,0.59,1.82,0.68
2026-01-06 23:08:59.491571,radio,0.33,1.39,0.76
2026-01-06 23:08:59.491571,ooh,0.16,0.92,0.83
2026-01-06 23:08:59.491571,events,0.92,2.67,0.66
2026-01-07 23:08:59.491571,google_search,3.64,3.35,0.0
2026-01-07 23:08:59.491571,affiliate,4.04,2.43,0.0
2026-01-07 23:08:59.491571,google_pmax,3.3,3.38,0.02
2026-01-07 23:08:59.491571,direct_mail,1.24,1.42,0.13
2026-01-07 23:08:59.491571,google_display,0.99,1.9,0.48
2026-01-07 23:08:59.491571,google_youtube,0.5,1.73,0.71
2026-01-07 23:08:59.491571,meta_ads,2.48,3.5,0.29
2026-01-07 23:08:59.491571,tiktok_ads,1.36,2.61,0.48
2026-01-07 23:08:59.491571,linkedin_ads,1.23,1.84,0.33
2026-01-07 23:08:59.491571,programmatic,0.82,1.71,0.52
2026-01-07 23:08:59.491571,tv,0.23,1.17,0.8
2026-01-07 23:08:59.491571,podcast,0.59,1.95,0.7
2026-01-07 23:08:59.491571,radio,0.36,1.47,0.76
2026-01-07 23:08:59.491571,ooh,0.15,0.92,0.84
2026-01-07 23:08:59.491571,events,0.84,2.35,0.64
2026-01-08 23:08:59.491571,google_search,3.79,2.86,0.0
2026-01-08 23:08:59.491571,affiliate,4.77,3.08,0.0
2026-01-08 23:08:59.491571,google_pmax,2.63,3.05,0.14
2026-01-08 23:08:59.491571,direct_mail,1.36,1.51,0.1
2026-01-08 23:08:59.491571,google_display,1.12,2.06,0.45
2026-01-08 23:08:59.491571,google_youtube,0.5,1.75,0.72
2026-01-08 23:08:59.491571,meta_ads,2.25,2.81,0.2
2026-01-08 23:08:59.491571,tiktok_ads,1.44,2.82,0.49
2026-01-08 23:08:59.491571,linkedin_ads,1.11,1.62,0.32
2026-01-08 23:08:59.491571,programmatic,0.75,1.64,0.54
2026-01-08 23:08:59.491571,tv,0.23,1.17,0.8
2026-01-08 23:08:59.491571,podcast,0.61,2.01,0.69
2026-01-08 23:08:59.491571,radio,0.31,1.21,0.75
2026-01-08 23:08:59.491571,ooh,0.15,0.88,0.83
2026-01-08 23:08:59.491571,events,0.72,2.09,0.65
2026-01-09 23:08:59.491571,google_search,4.34,3.26,0.0
2026-01-09 23:08:59.491571,affiliate,4.23,2.53,0.0
2026-01-09 23:08:59.491571,google_pmax,3.68,3.71,0.01
2026-01-09 23:08:59.491571,direct_mail,1.92,1.97,0.02
2026-01-09 23:08:59.491571,google_display,0.88,1.53,0.42
2026-01-09 23:08:59.491571,google_youtube,0.45,1.56,0.71
2026-01-09 23:08:59.491571,meta_ads,2.01,2.65,0.24
2026-01-09 23:08:59.491571,tiktok_ads,1.71,3.28,0.48
2026-01-09 23:08:59.491571,linkedin_ads,1.34,2.08,0.36
2026-01-09 23:08:59.491571,programmatic,0.81,1.74,0.53
2026-01-09 23:08:59.491571,tv,0.22,1.12,0.8
2026-01-09 23:08:59.491571,podcast,0.52,1.6,0.68
2026-01-09 23:08:59.491571,radio,0.4,1.67,0.76
2026-01-09 23:08:59.491571,ooh,0.16,0.96,0.84
2026-01-09 23:08:59.491571,events,0.78,2.07,0.62
2026-01-10 23:08:59.491571,google_search,4.08,3.7,0.0
2026-01-10 23:08:59.491571,affiliate,4.54,2.84,0.0
2026-01-10 23:08:59.491571,google_pmax,3.12,2.97,0.0
2026-01-10 23:08:59.491571,direct_mail,1.45,1.52,0.05
2026-01-10 23:08:59.491571,google_display,1.01,1.71,0.41
2026-01-10 23:08:59.491571,google_youtube,0.46,1.57,0.71
2026-01-10 23:08:59.491571,meta_ads,2.13,2.67,0.2
2026-01-10 23:08:59.491571,tiktok_ads,1.52,2.92,0.48
2026-01-10 23:08:59.491571,linkedin_ads,1.22,2.02,0.4
2026-01-10 23:08:59.491571,programmatic,0.93,2.11,0.56
2026-01-10 23:08:59.491571,tv,0.25,1.26,0.8
2026-01-10 23:08:59.491571,podcast,0.65,2.07,0.68
2026-01-10 23:08:59.491571,radio,0.27,1.1,0.75
2026-01-10 23:08:59.491571,ooh,0.13,0.77,0.83
2026-01-10 23:08:59.491571,events,0.8,2.23,0.64
2026-01-11 23:08:59.491571,google_search,3.16,2.73,0.0
2026-01-11 23:08:59.491571,affiliate,5.02,2.7,0.0
2026-01-11 23:08:59.491571,google_pmax,3.23,2.89,0.0
2026-01-11 23:08:59.491571,direct_mail,2.01,2.22,0.1
2026-01-11 23:08:59.491571,google_display,1.02,1.64,0.38
2026-01-11 23:08:59.491571,google_youtube,0.5,1.75,0.72
2026-01-11 23:08:59.491571,meta_ads,2.18,2.93,0.26
2026-01-11 23:08:59.491571,tiktok_ads,1.33,2.54,0.48
2026-01-11 23:08:59.491571,linkedin_ads,1.2,1.99,0.4
2026-01-11 23:08:59.491571,programmatic,0.75,1.62,0.54
2026-01-11 23:08:59.491571,tv,0.27,1.33,0.79
2026-01-11 23:08:59.491571,podcast,0.51,1.7,0.7
2026-01-11 23:08:59.491571,radio,0.3,1.15,0.74
2026-01-11 23:08:59.491571,ooh,0.18,1.08,0.83
2026-01-11 23:08:59.491571,events,0.82,2.3,0.64
2026-01-12 23:08:59.491571,google_search,2.52,2.07,0.0
2026-01-12 23:08:59.491571,affiliate,4.74,3.25,0.0
2026-01-12 23:08:59.491571,google_pmax,3.1,3.14,0.01
2026-01-12 23:08:59.491571,direct_mail,1.74,1.88,0.07
2026-01-12 23:08:59.491571,google_display,0.83,1.39,0.4
2026-01-12 23:08:59.491571,google_youtube,0.41,1.48,0.72
2026-01-12 23:08:59.491571,meta_ads,1.8,2.57,0.3
2026-01-12 23:08:59.491571,tiktok_ads,1.45,2.6,0.44
2026-01-12 23:08:59.491571,linkedin_ads,1.4,2.03,0.31
2026-01-12 23:08:59.491571,programmatic,0.86,1.89,0.55
2026-01-12 23:08:59.491571,tv,0.25,1.28,0.81
2026-01-12 23:08:59.491571,podcast,0.5,1.65,0.7
2026-01-12 23:08:59.491571,radio,0.38,1.49,0.75
2026-01-12 23:08:59.491571,ooh,0.18,1.04,0.83
2026-01-12 23:08:59.491571,events,0.75,2.01,0.63
2026-01-13 23:08:59.491571,google_search,3.99,2.95,0.0
2026-01-13 23:08:59.491571,affiliate,4.73,2.99,0.0
2026-01-13 23:08:59.491571,google_pmax,2.64,2.87,0.08
2026-01-13 23:08:59.491571,direct_mail,1.55,1.61,0.04
2026-01-13 23:08:59.491571,google_display,1.34,2.34,0.43
2026-01-13 23:08:59.491571,google_youtube,0.37,1.25,0.71
2026-01-13 23:08:59.491571,meta_ads,1.87,2.77,0.33
2026-01-13 23:08:59.491571,tiktok_ads,1.56,2.87,0.46
2026-01-13 23:08:59.491571,linkedin_ads,1.15,1.69,0.32
2026-01-13 23:08:59.491571,programmatic,0.76,1.68,0.54
2026-01-13 23:08:59.491571,tv,0.28,1.38,0.8
2026-01-13 23:08:59.491571,podcast,0.64,2.07,0.69
2026-01-13 23:08:59.491571,radio,0.39,1.56,0.75
2026-01-13 23:08:59.491571,ooh,0.16,0.96,0.84
2026-01-13 23:08:59.491571,events,0.74,2.0,0.63
2026-01-14 23:08:59.491571,google_search,3.26,2.83,0.0
2026-01-14 23:08:59.491571,affiliate,3.5,2.44,0.0
2026-01-14 23:08:59.491571,google_pmax,2.76,3.22,0.14
2026-01-14 23:08:59.491571,direct_mail,1.47,1.66,0.11
2026-01-14 23:08:59.491571,google_display,1.13,2.2,0.48
2026-01-14 23:08:59.491571,google_youtube,0.46,1.62,0.72
2026-01-14 23:08:59.491571,meta_ads,2.28,3.27,0.3
2026-01-14 23:08:59.491571,tiktok_ads,1.45,2.8,0.48
2026-01-14 23:08:59.491571,linkedin_ads,0.93,1.35,0.31
2026-01-14 23:08:59.491571,programmatic,0.84,1.89,0.55
2026-01-14 23:08:59.491571,tv,0.29,1.49,0.8
2026-01-14 23:08:59.491571,podcast,0.58,1.93,0.7
2026-01-14 23:08:59.491571,radio,0.32,1.31,0.76
2026-01-14 23:08:59.491571,ooh,0.18,1.12,0.84
2026-01-14 23:08:59.491571,events,0.81,2.24,0.64
2026-01-15 23:08:59.491571,google_search,3.1,2.73,0.0
2026-01-15 23:08:59.491571,affiliate,3.9,2.22,0.0
2026-01-15 23:08:59.491571,google_pmax,2.4,2.41,0.0
2026-01-15 23:08:59.491571,direct_mail,1.59,1.88,0.15
2026-01-15 23:08:59.491571,google_display,0.93,1.77,0.48
2026-01-15 23:08:59.491571,google_youtube,0.49,1.67,0.71
2026-01-15 23:08:59.491571,meta_ads,2.26,3.61,0.37
2026-01-15 23:08:59.491571,tiktok_ads,1.56,2.75,0.43
2026-01-15 23:08:59.491571,linkedin_ads,0.98,1.45,0.32
2026-01-15 23:08:59.491571,programmatic,0.82,1.78,0.54
2026-01-15 23:08:59.491571,tv,0.2,0.98,0.8
2026-01-15 23:08:59.491571,podcast,0.7,2.36,0.7
2026-01-15 23:08:59.491571,radio,0.31,1.27,0.75
2026-01-15 23:08:59.491571,ooh,0.13,0.79,0.84
2026-01-15 23:08:59.491571,events,0.82,2.38,0.65
2026-01-16 23:08:59.491571,google_search,3.02,2.77,0.0
2026-01-16 23:08:59.491571,affiliate,4.5,3.31,0.0
2026-01-16 23:08:59.491571,google_pmax,3.11,3.28,0.05
2026-01-16 23:08:59.491571,direct_mail,1.48,1.82,0.19
2026-01-16 23:08:59.491571,google_display,0.99,1.7,0.42
2026-01-16 23:08:59.491571,google_youtube,0.44,1.49,0.7
2026-01-16 23:08:59.491571,meta_ads,2.07,3.12,0.34
2026-01-16 23:08:59.491571,tiktok_ads,1.53,2.68,0.43
2026-01-16 23:08:59.491571,linkedin_ads,1.32,1.86,0.29
2026-01-16 23:08:59.491571,programmatic,0.81,1.77,0.54
2026-01-16 23:08:59.491571,tv,0.27,1.32,0.79
2026-01-16 23:08:59.491571,podcast,0.54,1.64,0.67
2026-01-16 23:08:59.491571,radio,0.34,1.4,0.76
2026-01-16 23:08:59.491571,ooh,0.14,0.84,0.83
2026-01-16 23:08:59.491571,events,0.88,2.57,0.66
2026-01-17 23:08:59.491571,google_search,3.76,3.45,0.0
2026-01-17 23:08:59.491571,affiliate,3.92,3.09,0.0
2026-01-17 23:08:59.491571,google_pmax,3.52,3.88,0.09
2026-01-17 23:08:59.491571,direct_mail,1.2,1.31,0.09
2026-01-17 23:08:59.491571,google_display,1.07,1.89,0.43
2026-01-17 23:08:59.491571,google_youtube,0.58,2.05,0.72
2026-01-17 23:08:59.491571,meta_ads,2.01,2.83,0.29
2026-01-17 23:08:59.491571,tiktok_ads,1.34,2.39,0.44
2026-01-17 23:08:59.491571,linkedin_ads,1.12,1.81,0.38
2026-01-17 23:08:59.491571,programmatic,1.0,2.06,0.51
2026-01-17 23:08:59.491571,tv,0.19,0.96,0.8
2026-01-17 23:08:59.491571,podcast,0.49,1.57,0.69
2026-01-17 23:08:59.491571,radio,0.38,1.58,0.76
2026-01-17 23:08:59.491571,ooh,0.15,0.92,0.83
2026-01-17 23:08:59.491571,events,0.61,1.71,0.64
2026-01-18 23:08:59.491571,google_search,3.83,3.5,0.0
2026-01-18 23:08:59.491571,affiliate,4.12,2.5,0.0
2026-01-18 23:08:59.491571,google_pmax,2.3,1.89,0.0
2026-01-18 23:08:59.491571,direct_mail,1.39,1.38,0.0
2026-01-18 23:08:59.491571,google_display,1.04,1.82,0.43
2026-01-18 23:08:59.491571,google_youtube,0.47,1.59,0.71
2026-01-18 23:08:59.491571,meta_ads,1.35,2.09,0.36
2026-01-18 23:08:59.491571,tiktok_ads,1.32,2.32,0.43
2026-01-18 23:08:59.491571,linkedin_ads,0.99,1.58,0.37
2026-01-18 23:08:59.491571,programmatic,0.81,1.72,0.53
2026-01-18 23:08:59.491571,tv,0.24,1.23,0.81
2026-01-18 23:08:59.491571,podcast,0.59,1.89,0.69
2026-01-18 23:08:59.491571,radio,0.31,1.18,0.74
2026-01-18 23:08:59.491571,ooh,0.15,0.89,0.83
2026-01-18 23:08:59.491571,events,0.91,2.33,0.61
2026-01-19 23:08:59.491571,google_search,3.29,2.6,0.0
2026-01-19 23:08:59.491571,affiliate,4.5,2.86,0.0
2026-01-19 23:08:59.491571,google_pmax,2.76,3.01,0.08
2026-01-19 23:08:59.491571,direct_mail,1.43,1.77,0.2
2026-01-19 23:08:59.491571,google_display,1.05,1.86,0.43
2026-01-19 23:08:59.491571,google_youtube,0.6,2.18,0.73
2026-01-19 23:08:59.491571,meta_ads,2.45,2.69,0.09
2026-01-19 23:08:59.491571,tiktok_ads,1.78,3.35,0.47
2026-01-19 23:08:59.491571,linkedin_ads,1.49,2.42,0.38
2026-01-19 23:08:59.491571,programmatic,0.95,2.18,0.56
2026-01-19 23:08:59.491571,tv,0.29,1.51,0.81
2026-01-19 23:08:59.491571,podcast,0.62,1.87,0.67
2026-01-19 23:08:59.491571,radio,0.34,1.36,0.75
2026-01-19 23:08:59.491571,ooh,0.15,0.89,0.83
2026-01-19 23:08:59.491571,events,0.64,1.75,0.63
2026-01-20 23:08:59.491571,google_search,4.17,4.2,0.01
2026-01-20 23:08:59.491571,affiliate,4.99,3.77,0.0
2026-01-20 23:08:59.491571,google_pmax,2.77,2.43,0.0
2026-01-20 23:08:59.491571,direct_mail,1.51,1.7,0.11
2026-01-20 23:08:59.491571,google_display,0.94,1.7,0.45
2026-01-20 23:08:59.491571,google_youtube,0.53,1.89,0.72
2026-01-20 23:08:59.491571,meta_ads,2.13,2.57,0.17
2026-01-20 23:08:59.491571,tiktok_ads,1.41,2.55,0.45
2026-01-20 23:08:59.491571,linkedin_ads,1.38,1.99,0.31
2026-01-20 23:08:59.491571,programmatic,0.85,1.89,0.55
2026-01-20 23:08:59.491571,tv,0.25,1.28,0.8
2026-01-20 23:08:59.491571,podcast,0.55,1.74,0.68
2026-01-20 23:08:59.491571,radio,0.35,1.38,0.75
2026-01-20 23:08:59.491571,ooh,0.16,0.94,0.83
2026-01-20 23:08:59.491571,events,0.82,2.29,0.64
2026-01-21 23:08:59.491571,google_search,3.9,3.13,0.0
2026-01-21 23:08:59.491571,affiliate,4.32,2.85,0.0
2026-01-21 23:08:59.491571,google_pmax,2.87,3.01,0.05
2026-01-21 23:08:59.491571,direct_mail,1.93,2.03,0.05
2026-01-21 23:08:59.491571,google_display,0.99,1.63,0.39
2026-01-21 23:08:59.491571,google_youtube,0.52,1.77,0.7
2026-01-21 23:08:59.491571,meta_ads,2.13,2.9,0.27
2026-01-21 23:08:59.491571,tiktok_ads,1.55,2.71,0.43
2026-01-21 23:08:59.491571,linkedin_ads,1.11,1.83,0.39
2026-01-21 23:08:59.491571,programmatic,0.83,1.77,0.53
2026-01-21 23:08:59.491571,tv,0.24,1.25,0.81
2026-01-21 23:08:59.491571,podcast,0.58,1.83,0.68
2026-01-21 23:08:59.491571,radio,0.32,1.27,0.75
2026-01-21 23:08:59.491571,ooh,0.14,0.82,0.83
2026-01-21 23:08:59.491571,events,0.69,1.88,0.63
2026-01-22 23:08:59.491571,google_search,4.07,3.3,0.0
2026-01-22 23:08:59.491571,affiliate,4.39,3.41,0.0
2026-01-22 23:08:59.491571,google_pmax,3.24,3.31,0.02
2026-01-22 23:08:59.491571,direct_mail,1.48,1.57,0.06
2026-01-22 23:08:59.491571,google_display,1.08,1.93,0.44
2026-01-22 23:08:59.491571,google_youtube,0.48,1.63,0.71
2026-01-22 23:08:59.491571,meta_ads,2.0,2.86,0.3
2026-01-22 23:08:59.491571,tiktok_ads,1.26,2.4,0.47
2026-01-22 23:08:59.491571,linkedin_ads,1.12,1.67,0.33
2026-01-22 23:08:59.491571,programmatic,0.67,1.48,0.55
2026-01-22 23:08:59.491571,tv,0.24,1.2,0.8
2026-01-22 23:08:59.491571,podcast,0.71,2.27,0.69
2026-01-22 23:08:59.491571,radio,0.32,1.24,0.75
2026-01-22 23:08:59.491571,ooh,0.16,0.99,0.84
2026-01-22 23:08:59.491571,events,0.83,2.37,0.65
2026-01-23 23:08:59.491571,google_search,4.08,4.05,0.0
2026-01-23 23:08:59.491571,affiliate,3.45,2.47,0.0
2026-01-23 23:08:59.491571,google_pmax,3.13,2.87,0.0
2026-01-23 23:08:59.491571,direct_mail,1.43,1.52,0.06
2026-01-23 23:08:59.491571,google_display,0.91,1.6,0.43
2026-01-23 23:08:59.491571,google_youtube,0.51,1.85,0.72
2026-01-23 23:08:59.491571,meta_ads,2.49,3.27,0.24
2026-01-23 23:08:59.491571,tiktok_ads,1.35,2.6,0.48
2026-01-23 23:08:59.491571,linkedin_ads,1.29,1.95,0.34
2026-01-23 23:08:59.491571,programmatic,0.85,1.86,0.54
2026-01-23 23:08:59.491571,tv,0.27,1.32,0.8
2026-01-23 23:08:59.491571,podcast,0.62,1.89,0.67
2026-01-23 23:08:59.491571,radio,0.32,1.26,0.75
2026-01-23 23:08:59.491571,ooh,0.14,0.85,0.83
2026-01-23 23:08:59.491571,events,0.75,1.98,0.62
2026-01-24 23:08:59.491571,google_search,4.05,3.41,0.0
2026-01-24 23:08:59.491571,affiliate,3.58,2.03,0.0
2026-01-24 23:08:59.491571,google_pmax,2.91,2.9,0.0
2026-01-24 23:08:59.491571,direct_mail,1.47,1.68,0.12
2026-01-24 23:08:59.491571,google_display,1.04,1.72,0.4
2026-01-24 23:08:59.491571,google_youtube,0.53,1.82,0.71
2026-01-24 23:08:59.491571,meta_ads,2.2,3.07,0.28
2026-01-24 23:08:59.491571,tiktok_ads,1.41,2.39,0.41
2026-01-24 23:08:59.491571,linkedin_ads,1.16,1.93,0.4
2026-01-24 23:08:59.491571,programmatic,0.67,1.59,0.58
2026-01-24 23:08:59.491571,tv,0.24,1.21,0.8
2026-01-24 23:08:59.491571,podcast,0.52,1.63,0.68
2026-01-24 23:08:59.491571,radio,0.33,1.28,0.74
2026-01-24 23:08:59.491571,ooh,0.15,0.87,0.83
2026-01-24 23:08:59.491571,events,0.98,2.62,0.63
2026-01-25 23:08:59.491571,google_search,3.85,3.37,0.0
2026-01-25 23:08:59.491571,affiliate,3.92,2.82,0.0
2026-01-25 23:08:59.491571,google_pmax,2.67,2.13,0.0
2026-01-25 23:08:59.491571,direct_mail,1.73,1.79,0.04
2026-01-25 23:08:59.491571,google_display,0.87,1.63,0.46
2026-01-25 23:08:59.491571,google_youtube,0.48,1.72,0.72
2026-01-25 23:08:59.491571,meta_ads,2.52,3.36,0.25
2026-01-25 23:08:59.491571,tiktok_ads,1.64,2.83,0.42
2026-01-25 23:08:59.491571,linkedin_ads,1.52,2.18,0.3
2026-01-25 23:08:59.491571,programmatic,0.9,2.05,0.56
2026-01-25 23:08:59.491571,tv,0.26,1.28,0.8
2026-01-25 23:08:59.491571,podcast,0.59,1.76,0.66
2026-01-25 23:08:59.491571,radio,0.36,1.45,0.75
2026-01-25 23:08:59.491571,ooh,0.15,0.87,0.82
2026-01-25 23:08:59.491571,events,0.68,1.85,0.63
2026-01-26 23:08:59.491571,google_search,3.93,3.46,0.0
2026-01-26 23:08:59.491571,affiliate,4.41,3.15,0.0
2026-01-26 23:08:59.491571,google_pmax,2.46,2.73,0.1
2026-01-26 23:08:59.491571,direct_mail,1.69,2.01,0.16
2026-01-26 23:08:59.491571,google_display,0.98,1.94,0.5
2026-01-26 23:08:59.491571,google_youtube,0.53,1.8,0.71
2026-01-26 23:08:59.491571,meta_ads,2.27,3.34,0.32
2026-01-26 23:08:59.491571,tiktok_ads,1.39,2.66,0.48
2026-01-26 23:08:59.491571,linkedin_ads,1.26,1.59,0.21
2026-01-26 23:08:59.491571,programmatic,0.83,1.79,0.54
2026-01-26 23:08:59.491571,tv,0.27,1.36,0.8
2026-01-26 23:08:59.491571,podcast,0.61,2.07,0.7
2026-01-26 23:08:59.491571,radio,0.34,1.39,0.75
2026-01-26 23:08:59.491571,ooh,0.16,0.99,0.83
2026-01-26 23:08:59.491571,events,0.87,2.4,0.64
2026-01-27 23:08:59.491571,google_search,3.61,2.59,0.0
2026-01-27 23:08:59.491571,affiliate,4.63,3.16,0.0
2026-01-27 23:08:59.491571,google_pmax,3.2,3.61,0.11
2026-01-27 23:08:59.491571,direct_mail,1.55,1.6,0.03
2026-01-27 23:08:59.491571,google_display,1.05,2.01,0.48
2026-01-27 23:08:59.491571,google_youtube,0.55,1.97,0.72
2026-01-27 23:08:59.491571,meta_ads,2.14,2.9,0.26
2026-01-27 23:08:59.491571,tiktok_ads,1.37,2.45,0.44
2026-01-27 23:08:59.491571,linkedin_ads,1.19,1.81,0.34
2026-01-27 23:08:59.491571,programmatic,0.79,1.72,0.54
2026-01-27 23:08:59.491571,tv,0.23,1.15,0.8
2026-01-27 23:08:59.491571,podcast,0.61,1.93,0.69
2026-01-27 23:08:59.491571,radio,0.32,1.23,0.74
2026-01-27 23:08:59.491571,ooh,0.17,1.05,0.83
2026-01-27 23:08:59.491571,events,0.64,1.85,0.65
2026-01-28 23:08:59.491571,google_search,4.22,3.64,0.0
2026-01-28 23:08:59.491571,affiliate,5.36,3.6,0.0
2026-01-28 23:08:59.491571,google_pmax,2.32,2.53,0.08
2026-01-28 23:08:59.491571,direct_mail,1.65,1.79,0.08
2026-01-28 23:08:59.491571,google_display,1.07,1.75,0.39
2026-01-28 23:08:59.491571,google_youtube,0.56,1.91,0.71
2026-01-28 23:08:59.491571,meta_ads,1.94,2.69,0.28
2026-01-28 23:08:59.491571,tiktok_ads,1.58,2.87,0.45
2026-01-28 23:08:59.491571,linkedin_ads,1.09,1.58,0.31
2026-01-28 23:08:59.491571,programmatic,0.69,1.51,0.54
2026-01-28 23:08:59.491571,tv,0.28,1.41,0.8
2026-01-28 23:08:59.491571,podcast,0.66,2.21,0.7
2026-01-28 23:08:59.491571,radio,0.33,1.3,0.75
2026-01-28 23:08:59.491571,ooh,0.19,1.16,0.84
2026-01-28 23:08:59.491571,events,0.64,1.82,0.65
2026-01-29 23:08:59.491571,google_search,3.8,3.54,0.0
2026-01-29 23:08:59.491571,affiliate,4.1,2.32,0.0
2026-01-29 23:08:59.491571,google_pmax,2.57,2.55,0.0
2026-01-29 23:08:59.491571,direct_mail,1.76,1.81,0.03
2026-01-29 23:08:59.491571,google_display,0.93,1.5,0.38
2026-01-29 23:08:59.491571,google_youtube,0.56,2.03,0.72
2026-01-29 23:08:59.491571,meta_ads,2.11,2.9,0.27
2026-01-29 23:08:59.491571,tiktok_ads,1.58,3.08,0.49
2026-01-29 23:08:59.491571,linkedin_ads,1.26,1.8,0.3
2026-01-29 23:08:59.491571,programmatic,0.64,1.35,0.52
2026-01-29 23:08:59.491571,tv,0.25,1.24,0.8
2026-01-29 23:08:59.491571,podcast,0.61,1.93,0.68
2026-01-29 23:08:59.491571,radio,0.31,1.19,0.74
2026-01-29 23:08:59.491571,ooh,0.18,1.08,0.84
2026-01-29 23:08:59.491571,events,0.97,2.76,0.65
2026-01-30 23:08:59.491571,google_search,3.6,3.54,0.0
2026-01-30 23:08:59.491571,affiliate,4.48,3.01,0.0
2026-01-30 23:08:59.491571,google_pmax,2.79,2.1,0.0
2026-01-30 23:08:59.491571,direct_mail,1.91,2.29,0.17
2026-01-30 23:08:59.491571,google_display,1.04,1.86,0.44
2026-01-30 23:08:59.491571,google_youtube,0.51,1.75,0.71
2026-01-30 23:08:59.491571,meta_ads,2.36,3.0,0.21
2026-01-30 23:08:59.491571,tiktok_ads,1.53,2.85,0.46
2026-01-30 23:08:59.491571,linkedin_ads,1.17,1.8,0.35
2026-01-30 23:08:59.491571,programmatic,0.7,1.48,0.52
2026-01-30 23:08:59.491571,tv,0.26,1.3,0.8
2026-01-30 23:08:59.491571,podcast,0.47,1.51,0.69
2026-01-30 23:08:59.491571,radio,0.33,1.3,0.75
2026-01-30 23:08:59.491571,ooh,0.13,0.74,0.83
2026-01-30 23:08:59.491571,events,0.89,2.5,0.64
